note_id,title,author,publish_time,liked_count,collected_count,comment_count,share_count,tags,caption,image_count,local_image_count,source_note_path
675838a9000000000603bc01,关于晚上上厕所不用开灯这件事儿,好多人都叫Kiki,2024-12-10,34000,4215,4192,71000,脚美甲、人字拖、美甲、荧光、美甲分享、三亚旅行、日常、彩色美甲、沙滩、通勤,以“关于晚上上厕所不用开灯这件事儿”为主题的美甲，整体偏通勤风格。,4,0,data/xhs/raw/20260505_013220/notes/675838a9000000000603bc01.json
608a18b3000000002103de4e,夏日梦幻云朵🌈唯美蓝紫色系星空晕染美甲,斑斓Babylike studio,2021-04-29,100000,84000,583,18000,白色、蓝色、紫色、银色、清透、渐变、水钻、亮片、星星、手绘、温柔、显白、夏季,"白色蓝色美甲，带有渐变, 水钻, 亮片, 星星元素，整体偏温柔, 显白, 夏季风格。",7,0,data/xhs/raw/20260505_013220/notes/608a18b3000000002103de4e.json
665839df0000000005004e5d,温柔感杏仁甲才是yyds！,豆本豆豆奶,2024-05-30,92000,57000,1044,23000,杏仁甲、裸色美甲、清透美甲、氛围感美甲、分享美甲、亲手晒美甲、美甲推荐、百搭美甲、裸色、清透、通勤、温柔,"裸色清透杏仁甲美甲，整体偏通勤, 温柔风格。",8,0,data/xhs/raw/20260505_013220/notes/665839df0000000005004e5d.json
66d850b0000000000c01af11,嫩嫩的磨砂猫眼细节图来噜,BiscuitNymph,2024-09-04,95000,60000,1160,20000,日常美甲、猫眼美甲、猫眼、粉色、丝绒、通勤、温柔,"粉色美甲，带有猫眼, 丝绒元素，整体偏通勤, 温柔风格。",4,0,data/xhs/raw/20260505_013220/notes/66d850b0000000000c01af11.json
661e1e84000000000100635e,🇬🇧Nail Share｜全身上下最先入夏的是指甲,小岛蝉,2024-04-16,90000,69000,1164,18000,留学英国、美甲分享、笔记灵感、伦敦美甲、伦敦美甲推荐、伦敦美甲美睫、英国美甲、美甲ins、短甲美甲、短甲美甲夏天、薄荷美甲、薄荷曼波、粉色、渐变、短甲、韩系、夏季,"粉色短甲美甲，带有渐变元素，整体偏韩系, 夏季风格。",3,0,data/xhs/raw/20260505_013220/notes/661e1e84000000000100635e.json
664c6697000000000f00c323,新美甲look ♡♩氧气感奶茶猫猫有亿点点好看,正义的小米粒,2024-05-21,89000,63000,517,14000,618活动力度、618购物清单、618满减、招商银行信用卡、亲手晒美甲、少女感美甲、ins风美甲、美甲、ins美甲、春日美甲、氛围感美甲、春夏美甲配色、分享美甲、少女心美甲、夏天美甲、纯欲美甲、腮红猫眼法式、招行信用卡优惠、信用卡推荐、裸色、清透、猫眼、法式、渐变,"裸色清透美甲，带有猫眼, 法式, 渐变元素。",10,0,data/xhs/raw/20260505_013220/notes/664c6697000000000f00c323.json
668931c4000000001e0139a4,🇰🇷温柔系美甲和小韩更配🫧,-斯塔里RAN-,2024-07-06,72000,50000,842,21000,笔记灵感、浪漫生活的记录者、美甲、美甲分享、韩国、氛围感美甲、韩国旅游、韩系美甲、我去韩国撒个欢、温柔、韩系,"以“🇰🇷温柔系美甲和小韩更配🫧”为主题的美甲，整体偏温柔, 韩系风格。",4,0,data/xhs/raw/20260505_013220/notes/668931c4000000001e0139a4.json
665f0396000000001500b087,💅美甲！,碎碎小西,2024-06-04,81000,45000,886,13000,美甲、拍照姿势、ins美甲、美甲分享、短甲美甲、短甲、韩系,短甲美甲，整体偏韩系风格。,6,0,data/xhs/raw/20260505_013220/notes/665f0396000000001500b087.json
66bcee3400000000050391d1,💅｜超适合夏天的薄荷曼波➕猫眼！！附细节图,_張,2024-08-15,64000,41000,986,13000,猫眼美甲、细闪美甲、碎钻胶美甲、分享美甲、氛围感美甲、美甲、美甲分享、美甲款式分享、杏仁甲、长款美甲、猫眼、水钻、亮片、长甲、显白、夏季,"杏仁甲美甲，带有猫眼, 水钻, 亮片元素，整体偏显白, 夏季风格。",7,0,data/xhs/raw/20260505_013220/notes/66bcee3400000000050391d1.json
667167ea000000001c037193,🪼把发光水母种在手上,Ms.Taffyyy🌟,2024-06-18,44000,37000,353,17000,偏光美甲、短甲美甲、夏天美甲、蓝色猫眼美甲、蓝色、猫眼、短甲、夏季,蓝色短甲美甲，带有猫眼元素，整体偏夏季风格。,5,0,data/xhs/raw/20260505_013220/notes/667167ea000000001c037193.json
66531ce2000000000f00d853,巨闪！原图无滤镜！,好运且66,2024-05-26,57000,34000,307,11000,想看看你做过最好看的裸色美甲、简约款美甲、氛围感美甲、裸色美甲、简单美甲、百搭美甲、日常美甲、耐看美甲、温柔美甲、甜美风、分享美甲、美甲推荐、裸色、亮片、通勤、温柔,"裸色美甲，带有亮片元素，整体偏通勤, 温柔风格。",4,0,data/xhs/raw/20260505_013220/notes/66531ce2000000000f00d853.json
6798a5d6000000001902f487,带着我的美甲来给大家拜年啦🏮,任敏,2025-01-28,94000,6139,3726,3089,一起开麦唠春晚、记录我的春晚后台,以“带着我的美甲来给大家拜年啦🏮”为主题的美甲，正文描述为：新的一年顺风顺水🥰#一起开麦唠春晚[话题]# #记录我的春晚后台[话题]#。,9,18,data/xhs/raw/20260505_013220/notes/6798a5d6000000001902f487.json
6777b4ab00000000090155da,可爱纯欲感粉嫩小短甲也太显白了！！,YOYO,2025-01-03,38000,29000,273,11000,猫眼美甲、百搭美甲、可爱美甲、纯欲美甲、氛围感美甲、高级美甲、显白美甲、粉色美甲、撞色美甲、少女心美甲、粉色、猫眼、短甲、通勤、显白、轻奢,"粉色短甲美甲，带有猫眼元素，整体偏通勤, 显白, 轻奢风格。",8,0,data/xhs/raw/20260505_013220/notes/6777b4ab00000000090155da.json
67892983000000001602039c,老钱风美甲💅我可以裸甲一辈子！,Ginnyyy,2025-01-16,43000,30000,211,7534,裸甲、美甲、裸色、轻奢、新年,"裸色美甲，整体偏轻奢, 新年风格。",5,10,data/xhs/raw/20260505_013220/notes/67892983000000001602039c.json
6764d1a600000000090171b4,美甲的尽头是奶呼呼白🤩,我要吃面包儿,2024-12-20,45000,27000,254,7118,奶白色美甲、简约纯色、白色,白色美甲，正文描述为：#奶白色美甲[话题]# #简约纯色[话题]#。,2,0,data/xhs/raw/20260505_013220/notes/6764d1a600000000090171b4.json
673085cf0000000019014c66,🎀｜丝绒法式,小李在这,2024-11-10,43000,27000,313,6344,超好看的美甲、法式美甲、美甲、亲手做美甲、极简美甲、温柔美甲、裸色美甲、这就是美甲的意义吧、仙女美甲、氛围感美甲、裸色、法式、丝绒、温柔,"裸色美甲，带有法式, 丝绒元素，整体偏温柔风格。",6,0,data/xhs/raw/20260505_013220/notes/673085cf0000000019014c66.json
67305eca000000003c01af14,ฅᐞ˶⦁༝⦁˶ᐞฅ手绘小猫美甲,紫洋葱Ovo,2024-11-10,39000,25000,463,6310,短甲美甲、本甲美甲、可爱美甲、手绘美甲、手绘可爱美甲、冬日美甲、简单美甲、ins美甲、日系美甲、ins小众美甲、裸色、手绘、短甲、韩系、日系、秋冬,"裸色短甲美甲，带有手绘元素，整体偏韩系, 日系, 秋冬风格。",4,0,data/xhs/raw/20260505_013220/notes/67305eca000000003c01af14.json
677da775000000000100bd72,🇬🇧90岁老太太👵选的颜色,Michelle,2025-01-08,64000,4303,3337,4390,,以“🇬🇧90岁老太太👵选的颜色”为主题的美甲，正文描述为：今日用时1.5H，因为是普通指甲油好久好久才干😂。,2,2,data/xhs/raw/20260505_013220/notes/677da775000000000100bd72.json
5eecaf86000000000101d0fb,脚美甲｜镜面➕白跳色 夏日超显白💅,奶油泡芙🧀,2020-06-19,43000,25000,120,3314,白色、银色、镜面、温柔、显白、夏季,"白色银色美甲，带有镜面元素，整体偏温柔, 显白, 夏季风格。",4,0,data/xhs/raw/20260505_013220/notes/5eecaf86000000000101d0fb.json
668e693300000000250169e4,这么玻璃的玻璃珠 你们有吗🧚🏼‍♂️,睡觉不眨眼,2024-07-10,37000,22000,1128,5907,美甲、猫眼美甲、玻璃珠美甲、简单美甲、ins美甲、清透、猫眼、显白、韩系,"清透美甲，带有猫眼元素，整体偏显白, 韩系风格。",4,0,data/xhs/raw/20260505_013220/notes/668e693300000000250169e4.json
6780e85a000000001800ebe6,Nail🫧敲清透冰川蓝太米啦～～,李狗蛋（穿戴版）,2025-01-10,36000,21000,433,5610,蓝色美甲、氛围感美甲、亲手晒美甲、手上有璀璨星河、简单美甲、新年美甲、猫眼美甲、蓝色、清透、猫眼、新年,蓝色清透美甲，带有猫眼元素，整体偏新年风格。,3,6,data/xhs/raw/20260505_013220/notes/6780e85a000000001800ebe6.json
66b03a1b000000000502237f,水灵灵的猫眼短甲,菠萝不烫头,2024-08-05,34000,23000,592,5462,美甲、短甲美甲、猫眼美甲、裸色美甲、简约款美甲、裸色、猫眼、亮片、短甲,"裸色短甲美甲，带有猫眼, 亮片元素。",3,0,data/xhs/raw/20260505_013220/notes/66b03a1b000000000502237f.json
67341484000000001b011c76,手太丑了，蹲一个适合黄黑皮的美甲💅,Zero,2024-11-13,31000,18000,13000,7604,美甲、黄黑皮美甲显白、黄黑皮、显白,以“手太丑了，蹲一个适合黄黑皮的美甲💅”为主题的美甲，整体偏显白风格。,2,0,data/xhs/raw/20260505_013220/notes/67341484000000001b011c76.json
6670eb4100000000060049ab,奶萌猫爪🐾粉色尊嘟好嫩！,AA穿戴甲测评许姐,2024-06-18,30000,21000,426,6288,穿戴甲、穿戴甲测评、猫爪美甲、粉色、猫眼,粉色美甲，带有猫眼元素。,10,0,data/xhs/raw/20260505_013220/notes/6670eb4100000000060049ab.json
6719e5d8000000002100374e,微醺落日✨极光渐变美甲✨落霞与孤鹜齐飞,小彦彦美妆,2024-10-24,23000,23000,131,5497,指甲油、日常通勤美甲、裸粉色美甲、渐变美甲、粉嫩美甲、秋冬美甲、秋冬美甲配色、短甲美甲、美甲分享、裸色、粉色、渐变、短甲、通勤、秋冬,"裸色粉色短甲美甲，带有渐变元素，整体偏通勤, 秋冬风格。",3,0,data/xhs/raw/20260505_013220/notes/6719e5d8000000002100374e.json
666c335e000000000e033618,MNBB/My nail but better💅🏻,An apple,2024-06-14,32000,20000,364,3247,超好看的美甲、短指甲美甲、仙女美甲、指甲油分享、最显白的指甲油、粉色、白色、镜面、温柔、显白,"粉色白色美甲，带有镜面元素，整体偏温柔, 显白风格。",3,0,data/xhs/raw/20260505_013220/notes/666c335e000000000e033618.json
66750540000000001f004969,美甲美甲&自拍自拍！,linn1,2024-06-21,48000,6617,2104,1760,随手拍、怦然心动20岁,以“美甲美甲&自拍自拍！”为主题的美甲，正文描述为：来了！！ #随手拍[话题]# #怦然心动20岁[话题]#。,8,0,data/xhs/raw/20260505_013220/notes/66750540000000001f004969.json
674eba9d000000000601452c,新美甲look ✨指尖发光金闪闪💗氛围感upup,温妮的穿戴甲,2024-12-03,25000,18000,168,4975,冰透美甲、法式猫眼、温柔美甲、约会美甲、日常通勤美甲、细闪美甲、猫眼法式美甲、耐看美甲、清透美甲、穿戴甲温柔、清透、猫眼、法式、亮片、通勤、温柔,"清透美甲，带有猫眼, 法式, 亮片元素，整体偏通勤, 温柔风格。",3,0,data/xhs/raw/20260505_013220/notes/674eba9d000000000601452c.json
671f0a2700000000210013c9,气血感很足的嬛嬛美甲💅,blue,2024-10-28,32000,15000,137,3610,裸色美甲、美甲的尽头就是裸、分享美甲、日常通勤美甲、做完美甲秀一下、这就是美甲的意义吧、裸色、通勤,裸色美甲，整体偏通勤风格。,15,0,data/xhs/raw/20260505_013220/notes/671f0a2700000000210013c9.json
676b65a6000000000900e16c,做到了超喜欢的甘露寺美甲！,hxino,2024-12-25,29000,18000,286,3365,简约款美甲、裸色美甲、裸色、清透,裸色清透美甲，正文描述为：omg 和之前做的感觉都好不一样 好清透 裸门yyds#简约款美甲[话题]# #裸色美甲[话题]。,4,0,data/xhs/raw/20260505_013220/notes/676b65a6000000000900e16c.json
6716bb190000000024017af9,好爱我的新脚美甲,一只燕燕燕,2024-10-22,24000,11000,256,7233,美甲、脚趾甲美甲、猫眼美甲、秋冬美甲、蓝色美甲、显白美甲、蓝色、猫眼、显白、秋冬,"蓝色美甲，带有猫眼元素，整体偏显白, 秋冬风格。",4,0,data/xhs/raw/20260505_013220/notes/6716bb190000000024017af9.json
671d16d20000000024014e14,做了很满意的乳白渐变美甲,Yokiii,2024-10-27,25000,19000,269,4042,乳白色渐变美甲、简约美甲、蝴蝶结美甲、福州美甲、白色、渐变、蝴蝶结,"白色美甲，带有渐变, 蝴蝶结元素。",2,0,data/xhs/raw/20260505_013220/notes/671d16d20000000024014e14.json
676b6b72000000000800caab,腮红猫眼韩系女主美甲,浅海草,2024-12-25,18000,14000,150,7983,腮红美甲、超嫩少女心美甲、冰透美甲、美甲、腮红甲穿戴甲、日常通勤美甲、温柔美甲、约会美甲、清透美甲、美甲控、清透、猫眼、渐变、通勤、温柔、韩系,"清透美甲，带有猫眼, 渐变元素，整体偏通勤, 温柔, 韩系风格。",3,0,data/xhs/raw/20260505_013220/notes/676b6b72000000000800caab.json
67a1edfc0000000029031dbd,春日氛围感多巴胺童趣小短甲显白绝了！！,YOYO,2025-02-04,24000,16000,135,4628,显白美甲、美甲短甲、氛围感美甲、超嫩少女心美甲、短款美甲、彩虹美甲、可爱美甲、立体美甲、ins美甲、短甲、显白、韩系,"短甲美甲，整体偏显白, 韩系风格。",8,16,data/xhs/raw/20260505_013220/notes/67a1edfc0000000029031dbd.json
6711cf7a000000001b02c26b,白女美甲真是裸色美甲的next level,别叫我小姐姐,2024-10-18,24000,19000,245,3521,简约款美甲、乳白色美甲、白女美甲、夏日美甲、裸色、白色、清透、镜面、杏仁甲、夏季,裸色白色杏仁甲美甲，带有镜面元素，整体偏夏季风格。,6,0,data/xhs/raw/20260505_013220/notes/6711cf7a000000001b02c26b.json
67a60e9d0000000018005b48,“裸门永存”,+oo,2025-02-07,26000,16000,186,3711,裸色美甲、清透美甲、美甲的尽头就是裸、冰透美甲、简单美甲、上班族美甲、裸色系、甄嬛美甲嬛嬛、甘露寺美甲、白月光美甲、裸色、白色、清透、通勤,裸色白色美甲，整体偏通勤风格。,4,8,data/xhs/raw/20260505_013220/notes/67a60e9d0000000018005b48.json
673b55b1000000000703b6a3,谁懂啊 真纯欲白开水,云屿岛,2024-11-18,22000,16000,345,4664,美甲、美甲款式分享、纯欲、纯欲美甲、纯欲白开水美甲、白色、水钻、蝴蝶结、长甲、杏仁甲,"白色长甲美甲，带有水钻, 蝴蝶结元素。",4,0,data/xhs/raw/20260505_013220/notes/673b55b1000000000703b6a3.json
5f72c26a00000000010012da,小珍珠裸色系美甲,NNNNan,2020-09-29,26000,15000,103,1604,裸色、粉色、珍珠、温柔,裸色粉色美甲，带有珍珠元素，整体偏温柔风格。,2,0,data/xhs/raw/20260505_013220/notes/5f72c26a00000000010012da.json
674869750000000007038028,猫眼儿 我要一直缠着你👁️,山神不在家,2024-11-28,20000,14000,274,3900,美甲、猫眼美甲、短甲、猫眼,短甲美甲，带有猫眼元素。,4,0,data/xhs/raw/20260505_013220/notes/674869750000000007038028.json
672b5d71000000003c0174af,新美甲 look♡♩秋冬磨砂自然通勤渐变美甲款,Tan美甲少女战士,2024-11-06,23000,13000,68,2734,亲手晒美甲、渐变美甲、超好看的美甲、裸粉色美甲、磨砂美甲、秋冬显白美甲、秋冬美甲、美甲分享、简单美甲、日常通勤穿搭、裸色、粉色、渐变、丝绒、花朵、通勤、温柔、显白、轻奢、秋冬,"裸色粉色美甲，带有渐变, 丝绒, 花朵元素，整体偏通勤, 温柔, 显白, 轻奢风格。",6,0,data/xhs/raw/20260505_013220/notes/672b5d71000000003c0174af.json
666a3ade000000000e0333ad,小短甲粉透系列分享💗,Flechazo,2024-06-13,20000,15000,44,2768,短指甲美甲、粉色美甲、短甲美甲夏天、粉色、短甲、夏季,粉色短甲美甲，整体偏夏季风格。,6,0,data/xhs/raw/20260505_013220/notes/666a3ade000000000e0333ad.json
65c3772c000000002c011fe4,越简单的款越好看啊,momo,2024-02-07,21000,15000,297,2270,裸色美甲、气质裸色系美甲、温柔美甲、超好看的美甲、秋冬美甲、我的新年战甲、裸色、温柔、秋冬、新年,"裸色美甲，整体偏温柔, 秋冬, 新年风格。",2,0,data/xhs/raw/20260505_013220/notes/65c3772c000000002c011fe4.json
668e65280000000025006acd,我宣布！这就是银行人本命玻璃珠美甲！！！,Pen-pen,2024-07-10,15000,13000,96,4492,短甲美甲、玻璃珠美甲、超好看的美甲、夏天美甲、清透美甲、日常通勤美甲、亮晶晶美甲、简单美甲、百搭美甲、清透、亮片、短甲、通勤、夏季,"清透短甲美甲，带有亮片元素，整体偏通勤, 夏季风格。",4,0,data/xhs/raw/20260505_013220/notes/668e65280000000025006acd.json
6708e2d7000000002a036690,美甲💅六选一,小茉莉🌸,2024-10-11,16000,13000,121,3895,美甲款式分享、仙女美甲、超好看的美甲、温柔,以“美甲💅六选一”为主题的美甲，整体偏温柔风格。,6,0,data/xhs/raw/20260505_013220/notes/6708e2d7000000002a036690.json
66f5640a000000002a032617,整个可爱住！简单不翻车美甲💅,枣日莓有番心柿,2024-09-26,19000,11000,277,2619,本甲美甲、可爱系美甲、美甲推荐、粉色、手绘、显白,粉色美甲，带有手绘元素，整体偏显白风格。,2,0,data/xhs/raw/20260505_013220/notes/66f5640a000000002a032617.json
670ddb70000000002401445d,清透梅子冰✨bulingbuling~太仙啦,吃一口奶昔🍨,2024-10-15,6277,4962,25,8744,最显白的指甲油、亲手晒美甲、超好看的美甲、氛围感美甲、美甲、ins美甲、美甲分享、跳色美甲、吃一口奶昔🍨、清透、显白、韩系,"清透美甲，整体偏显白, 韩系风格。",5,0,data/xhs/raw/20260505_013220/notes/670ddb70000000002401445d.json
5f6b3dd000000000010070ba,我爱蜜桃磨砂,呐lala,2020-09-23,25000,10000,163,530,丝绒、温柔,以“我爱蜜桃磨砂”为主题的美甲，带有丝绒元素，整体偏温柔风格。,5,0,data/xhs/raw/20260505_013220/notes/5f6b3dd000000000010070ba.json
673df53d000000000702ba7b,大家短甲都做什么款式！💅,纤细的企鹅.,2024-11-20,17000,11000,422,2461,短甲美甲、渐变美甲、清透、渐变、短甲,清透短甲美甲，带有渐变元素。,1,0,data/xhs/raw/20260505_013220/notes/673df53d000000000702ba7b.json
6791a291000000001701d17d,大方干净白色法式美甲💅,毛丫头,2025-01-23,17000,11000,63,2056,日常通勤美甲、美甲、约会美甲、超好看的美甲、温柔美甲、少女心美甲、法式美甲、亲手晒美甲、简约美甲、简单美甲、白色、法式、通勤、温柔,"白色美甲，带有法式元素，整体偏通勤, 温柔风格。",3,6,data/xhs/raw/20260505_013220/notes/6791a291000000001701d17d.json
647b7715000000001203125f,极简美甲 · 几何拼色法式 气质奶杏 🏷️ 🍨,一只影子,2023-06-04,18000,11000,102,1687,亲手晒美甲、气质美甲、法式美甲、奶白色美甲、裸色美甲、冰透色美甲、ins美甲、奶茶色美甲、温柔美甲、夏天美甲、清新美甲、小米Civi3、小米Civi3双生双色、2023流行趋势是双生双色、WGSN流行趋势、流行色、配色、裸色、白色、金色、清透、法式、温柔、韩系,"裸色白色美甲，带有法式元素，整体偏温柔, 韩系风格。",7,0,data/xhs/raw/20260505_013220/notes/647b7715000000001203125f.json
676fcd8300000000090150e4,孩子们这太萌了,昨天的牛肉锅盔还香,2024-12-28,18000,10000,297,1860,美甲、短甲、星星短甲、分享美甲、这么可爱不要命啦、星星,短甲美甲，带有星星元素。,5,0,data/xhs/raw/20260505_013220/notes/676fcd8300000000090150e4.json
67692908000000000902e71d,盯上奶奶的指甲好久了 不做个美甲可惜了🥰,赛博朋奶,2024-12-23,26000,2558,1710,1258,每天都有值得记录的瞬间、美甲分享、奶奶、农村、可爱、红色、猫眼,红色美甲，带有猫眼元素。,3,0,data/xhs/raw/20260505_013220/notes/67692908000000000902e71d.json
669903bf00000000050078db,杏仁甲美甲新尝试,BING BULING,2024-07-18,13000,9665,138,3208,分享美甲、杏仁甲,杏仁甲美甲，正文描述为：#分享美甲[话题]# 初次尝试杏仁甲，其实我的手还是比较粗的，原相机拍出来还可以，满意[赞R]。,4,0,data/xhs/raw/20260505_013220/notes/669903bf00000000050078db.json
66815182000000001f0044cb,夏天不做猫眼美甲等于白过🥹,Duo_OuD,2024-06-30,15000,9112,215,2492,亲手晒美甲、短甲美甲、猫眼美甲、薄荷曼波、本甲美甲、美甲、清透、猫眼、短甲、夏季,清透短甲美甲，带有猫眼元素，整体偏夏季风格。,7,0,data/xhs/raw/20260505_013220/notes/66815182000000001f0044cb.json
66e4ceaf000000001e01a09b,超温柔的腮红极光法式美甲,陈小姐nail「客作版」,2024-09-14,14000,11000,176,2022,穿戴甲、腮红美甲、水蜜桃美甲、极光美甲、简约款美甲、横店美甲、横店美甲美睫、法式、渐变、温柔,"以“超温柔的腮红极光法式美甲”为主题的美甲，带有法式, 渐变元素，整体偏温柔风格。",3,0,data/xhs/raw/20260505_013220/notes/66e4ceaf000000001e01a09b.json
667e3f25000000001f0059f8,绝美星空美甲,Luuuuui,2024-06-28,12000,8023,109,3364,猫眼美甲、蓝色美甲、今日份美甲、亲手晒美甲、蓝色、猫眼、星星、手绘、短甲,"蓝色短甲美甲，带有猫眼, 星星, 手绘元素。",4,0,data/xhs/raw/20260505_013220/notes/667e3f25000000001f0059f8.json
66961b04000000000500719d,做个新甲甲降降温🫧🧊,我不是糕糕,2024-07-16,12000,9306,236,2379,本甲美甲、夏日美甲、超好看的美甲、小短甲美甲、渐变、花朵、短甲、夏季,"短甲美甲，带有渐变, 花朵元素，整体偏夏季风格。",3,0,data/xhs/raw/20260505_013220/notes/66961b04000000000500719d.json
667e73af000000001c034106,新美甲look🧊 ⋆薄荷色猫猫冰凉清透的夏天感,Ajiao（努力打工版）,2024-06-28,13000,8267,126,2284,iHand、漫画手、iHand抛光手膜、冰透美甲、薄荷曼波美甲、猫眼美甲、蝴蝶美甲、夏日美甲、氛围感美甲、显白美甲、清透、猫眼、蝴蝶结、显白、夏季,"清透美甲，带有猫眼, 蝴蝶结元素，整体偏显白, 夏季风格。",11,0,data/xhs/raw/20260505_013220/notes/667e73af000000001c034106.json
6735cc0d000000001b010fcc,温柔人鱼姬✨仙女极光美甲,小彦彦美妆,2024-11-14,9625,9858,29,2650,日常通勤美甲、指甲油、裸粉色美甲、最显白的指甲油、细闪美甲、粉嫩美甲、亲手晒美甲、极光美甲、仙女美甲、裸色、粉色、亮片、通勤、温柔、显白,"裸色粉色美甲，带有亮片元素，整体偏通勤, 温柔, 显白风格。",3,0,data/xhs/raw/20260505_013220/notes/6735cc0d000000001b010fcc.json
66993c2f0000000003026feb,海底捞美甲真是。。,披着凉皮的狼,2024-07-19,14000,7800,162,1550,美甲、海底捞、海底捞美甲,以“海底捞美甲真是。。”为主题的美甲，正文描述为：好好看！跟我想象中的几乎一模一样#美甲[话题]# #海底捞[话题]# #海底捞美甲[话题]#。,4,0,data/xhs/raw/20260505_013220/notes/66993c2f0000000003026feb.json
667a9687000000001c027fdb,裸色美甲怎么可以这么温柔！,小泥人,2024-06-25,12000,8037,40,1855,手绘美甲、气质美甲、美甲、裸色美甲、ins美甲、美甲分享、日式美甲、气质裸色系美甲、亲手晒美甲、最显白的指甲油、指甲油、指甲油试色、小众指甲油推荐、平价指甲油试色、春夏指甲油种草、拍照姿势不重样、可爱美甲、涂鸦美甲、宿舍美甲、花式晒美甲挑战、一然指甲油、裸色、手绘、温柔,裸色美甲，带有手绘元素，整体偏温柔风格。,3,0,data/xhs/raw/20260505_013220/notes/667a9687000000001c027fdb.json
664c89570000000015013140,Nail share🩶银色玻璃珠,葵狄,2024-05-21,9428,8440,76,2524,银色美甲、分享美甲、金属美甲、nail、短甲美甲、蝴蝶结美甲、亲手晒美甲、银色、百搭美甲、金色、清透、蝴蝶结、短甲、通勤、夏季,"银色金色短甲美甲，带有蝴蝶结元素，整体偏通勤, 夏季风格。",4,0,data/xhs/raw/20260505_013220/notes/664c89570000000015013140.json
668f69a9000000000d00ca29,深圳福田美甲 ins晕染夏日度假落日海滩🏖️,楚楚酱美甲美睫,2024-07-11,11000,9425,71,1523,深圳福田美甲、上梅林美甲、ins小众美甲、短指甲美甲、晕染美甲、显白美甲、度假美甲、ins美甲、手绘美甲、渐变美甲、渐变、手绘、显白、韩系、夏季,"以“深圳福田美甲 ins晕染夏日度假落日海滩🏖️”为主题的美甲，带有渐变, 手绘元素，整体偏显白, 韩系, 夏季风格。",3,0,data/xhs/raw/20260505_013220/notes/668f69a9000000000d00ca29.json
66e3cf08000000002700752f,上手就很温柔的渐变美甲～,一只小鱼饼,2024-09-13,8668,7366,49,2945,日常通勤美甲、简单美甲、超好看的美甲、百搭美甲、最显白的指甲油、亲手晒美甲、细闪美甲、简约款美甲、渐变美甲、温柔美甲、可爱美甲、清透、渐变、亮片、通勤、温柔、显白,"清透美甲，带有渐变, 亮片元素，整体偏通勤, 温柔, 显白风格。",3,0,data/xhs/raw/20260505_013220/notes/66e3cf08000000002700752f.json
66b475090000000005021a73,黄黑皮美甲💅八选一,一颗小西柚,2024-08-08,15000,5514,910,1108,美甲甲型、日常美甲、中长款美甲、在小红书做美甲、氛围感美甲、中长款美甲款式、超好看的美甲、美甲分享、高级美甲、显白美甲、长甲、通勤、显白、轻奢,"长甲美甲，整体偏通勤, 显白, 轻奢风格。",9,0,data/xhs/raw/20260505_013220/notes/66b475090000000005021a73.json
6742b63c000000000703041c,这个水蜜桃色好嫩！！显得健康气色很好,祈,2024-11-24,10000,6545,30,1961,纯色甲油胶、纯色美甲、裸色美甲、秋冬美甲、脚美甲、亲手晒美甲、裸色脚美甲、裸色、秋冬,裸色美甲，整体偏秋冬风格。,3,0,data/xhs/raw/20260505_013220/notes/6742b63c000000000703041c.json
673426330000000019017f7b,一个月都没看腻的美甲💅,碎碎冰,2024-11-13,15000,5187,148,677,晒晒我的新美甲、氛围感美甲、分享美甲、超嫩少女心美甲、豹纹美甲、百搭美甲、甜妹美甲、做完美甲秀一下、清透美甲、美甲款式分享、清透、短甲、通勤,清透短甲美甲，整体偏通勤风格。,3,0,data/xhs/raw/20260505_013220/notes/673426330000000019017f7b.json
66beee07000000000d030248,到底该留哪个甲型嘞？？直观感受...,Cxx,2024-08-16,15000,4376,7911,783,甲型、方甲、方形甲、杏仁甲、美甲、指甲、甲床、水钻,方甲美甲，带有水钻元素。,1,0,data/xhs/raw/20260505_013220/notes/66beee07000000000d030248.json
620e15110000000021036e2a,今年最流行🔥的冰透色美甲！不美一次？,MAYCHAO美潮,2022-02-17,11000,8084,43,850,亲手晒美甲、美甲、美甲分享、冰透美甲、ins美甲、新年美甲、显白美甲、气质美甲、清透、通勤、温柔、显白、韩系、新年,"清透美甲，整体偏通勤, 温柔, 显白, 韩系风格。",2,0,data/xhs/raw/20260505_013220/notes/620e15110000000021036e2a.json
66b4b3bf000000002503373c,刚卸下美甲的手 感觉自由飞了,飞走,2024-08-08,16000,3269,573,604,养甲床、指甲、日常美甲、美甲分享、手、手控、手模、infp、infp小蝴蝶、阳光、蝴蝶结、通勤、温柔,"以“刚卸下美甲的手 感觉自由飞了”为主题的美甲，带有蝴蝶结元素，整体偏通勤, 温柔风格。",4,0,data/xhs/raw/20260505_013220/notes/66b4b3bf000000002503373c.json
621b6719000000000102477e,呜呜也太好看了,嘻鱼🐟,2022-02-27,10000,8532,37,815,ins美甲、粉色、金色、镜面、花朵、轻奢、韩系,"粉色金色美甲，带有镜面, 花朵元素，整体偏轻奢, 韩系风格。",3,0,data/xhs/raw/20260505_013220/notes/621b6719000000000102477e.json
6682ae79000000001c0265a7,丝绒粉猫眼，值得出席我的任何场合！,UISON右叁.穿戴甲,2024-07-01,7239,6541,145,2391,今日份心情预报、简约款美甲、穿戴甲、美甲、百搭美甲、猫眼美甲、高级美甲、ins美甲、温柔美甲、粉色、猫眼、丝绒、通勤、温柔、轻奢、韩系,"粉色美甲，带有猫眼, 丝绒元素，整体偏通勤, 温柔, 轻奢, 韩系风格。",3,0,data/xhs/raw/20260505_013220/notes/6682ae79000000001c0265a7.json
6691dcfb000000000a0240e5,百搭裸色系美甲✨,米哩米穿戴甲,2024-07-13,9692,6990,37,1168,手绘美甲、亲手晒美甲、美甲、温柔美甲、猫眼美甲、气质美甲、ins美甲、可爱美甲、法式美甲、裸色美甲、气质裸色系美甲、milimi穿戴甲、裸色、猫眼、法式、手绘、通勤、温柔、韩系,"裸色美甲，带有猫眼, 法式, 手绘元素，整体偏通勤, 温柔, 韩系风格。",3,0,data/xhs/raw/20260505_013220/notes/6691dcfb000000000a0240e5.json
66c987fc000000001f01b499,不相信有好看的短款美甲💅,小张同学,2024-08-24,11000,4947,1519,1234,短甲美甲夏天、短甲推荐、帮我选美甲、美甲推荐、短甲、杏仁甲、夏季,短甲美甲，整体偏夏季风格。,1,0,data/xhs/raw/20260505_013220/notes/66c987fc000000001f01b499.json
667241240000000006007ef0,自测手型✋看看你适合哪款穿戴甲！,椰椰小媛,2024-06-19,7346,2706,1840,3044,美甲甲型、穿戴甲教程、美甲手模、新手美甲、指甲、沉浸式美甲、超好看的美甲、亲手晒美甲、简单美甲、美甲、杏仁甲,杏仁甲美甲，正文描述为：宝子们，快来对号入座看看你是哪种手型吧[斜眼R]！ 🖐短粗手：手指相对短且粗，宽度和长度较接近。。,7,0,data/xhs/raw/20260505_013220/notes/667241240000000006007ef0.json
671269b40000000024019aa3,,长得帅好烦io,2024-10-18,9852,5892,132,1067,可爱小短甲、短甲,短甲美甲，正文描述为：₍˄·͈༝·͈˄*₎◞ ̑̑#可爱小短甲[话题]#。,3,0,data/xhs/raw/20260505_013220/notes/671269b40000000024019aa3.json
66a3a91d00000000270101cd,好看鼠了,小沐美甲工作室,2024-07-26,9260,4642,81,1554,氛围感美甲、分享美甲、夏日冰透美甲、清透、夏季,清透美甲，整体偏夏季风格。,12,0,data/xhs/raw/20260505_013220/notes/66a3a91d00000000270101cd.json
67638dda000000001300e623,,指尖凝彩日记,2024-12-19,4437,4417,32,2989,超嫩少女心美甲、冰透美甲、温柔美甲、美甲、短指甲也可以这么美、秋冬美甲、裸色、清透、温柔、秋冬、新年,"裸色清透美甲，整体偏温柔, 秋冬, 新年风格。",10,0,data/xhs/raw/20260505_013220/notes/67638dda000000001300e623.json
6699084e0000000025004fd0,这是巧合吗？？🤣,bear_mo,2024-07-18,14000,2011,955,558,亮片美甲、日常美甲、好看的美甲、做完美甲秀一下、猫眼美甲、显白、美人鱼、猫眼、亮片、通勤,"以“这是巧合吗？？🤣”为主题的美甲，带有猫眼, 亮片元素，整体偏显白, 通勤风格。",1,0,data/xhs/raw/20260505_013220/notes/6699084e0000000025004fd0.json
661bfcdf000000001a017e50,小红书诚不骗我 跟风做的玻璃美甲,喵喵喵是我,2024-04-14,7403,6784,171,928,在小红书做美甲、日常美甲、分享美甲、晒晒我的新美甲、简单美甲、亲手晒美甲、亮晶晶美甲、清透、猫眼、亮片、通勤、温柔、轻奢,"清透美甲，带有猫眼, 亮片元素，整体偏通勤, 温柔, 轻奢风格。",5,0,data/xhs/raw/20260505_013220/notes/661bfcdf000000001a017e50.json
67811cae000000002002a1e0,很不冬天的漂亮美甲分享💖,怪豆啊,2025-01-10,4749,5828,25,1849,冬季新年美甲、美甲还原度挑战、ins小众美甲、ins短甲、如宝石般的玻璃珠、短甲也可以很高级、温柔清新绿色系美甲、绿色、清透、亮片、短甲、温柔、轻奢、韩系、秋冬、新年,"绿色清透短甲美甲，带有亮片元素，整体偏温柔, 轻奢, 韩系, 秋冬风格。",2,4,data/xhs/raw/20260505_013220/notes/67811cae000000002002a1e0.json
664f343a0000000005006ebb,🍾香槟丝绒水光感猫眼➕法式 永远看不腻！,Meil Nail穿戴甲,2024-05-23,7306,4341,23,1445,每日分享、穿戴甲、手工穿戴甲、美甲分享、法式猫眼、猫眼、meil穿戴甲、金色、清透、法式、丝绒,"金色清透美甲，带有猫眼, 法式, 丝绒元素。",3,0,data/xhs/raw/20260505_013220/notes/664f343a0000000005006ebb.json
665e63e800000000050067e1,曾经的欧美甲女孩真的为工作付粗很多！！,黛西Naillllllll,2024-06-04,10000,3849,390,595,超好看的美甲、工作美甲、裸色美甲、短甲款式、美甲分享、职场日常、浅色美甲、气质美甲、杭州美甲、欧美甲、纯色美甲、裸色、短甲、通勤、温柔,"裸色短甲美甲，整体偏通勤, 温柔风格。",9,0,data/xhs/raw/20260505_013220/notes/665e63e800000000050067e1.json
66b2ecf6000000001e018e81,美甲五选一,小冉教穿搭,2024-08-07,7175,4612,112,1126,帮我选美甲、美甲推荐、短款美甲、本甲、短甲,短甲美甲，正文描述为：明天去做美甲 💅本甲，手不算白[哭惹R]帮忙五选一 #帮我选美甲[话题]# #美甲推荐[话题]#。,5,0,data/xhs/raw/20260505_013220/notes/66b2ecf6000000001e018e81.json
60af502500000000210362d5,2021流行的糖果玻璃纸美甲get✅,喔美丽的珍妮,2021-05-27,9127,4932,30,329,粉色、清透、亮片,粉色清透美甲，带有亮片元素。,4,0,data/xhs/raw/20260505_013220/notes/60af502500000000210362d5.json
66cfed03000000001d014026,纯欲风水光猫眼,择壹 . STUDIO,2024-08-29,7261,5097,39,882,猫眼甲油胶、小短甲美甲、短甲美甲、显白美甲、本甲款式、临平择壹美甲、临平美甲杭州美甲、清透、猫眼、短甲、显白,清透短甲美甲，带有猫眼元素，整体偏显白风格。,2,0,data/xhs/raw/20260505_013220/notes/66cfed03000000001d014026.json
6699d6fc0000000025001612,温柔低饱和色调🤎猫眼法式,AA穿戴甲测评许姐,2024-07-19,5624,4923,51,1403,穿戴甲、穿戴甲测评、猫眼法式、橄榄皮美甲、裸色、猫眼、法式、渐变、温柔,"裸色美甲，带有猫眼, 法式, 渐变元素，整体偏温柔风格。",10,0,data/xhs/raw/20260505_013220/notes/6699d6fc0000000025001612.json
66cc4646000000001f03e055,听说这个夏日多巴胺美甲很火,不喝咖啡了,2024-08-26,7214,4269,129,1069,彩色美甲、糖果色美甲、撞色美甲、美甲、短款美甲、美甲分享、氛围感美甲、短甲、显白、夏季,"短甲美甲，整体偏显白, 夏季风格。",6,0,data/xhs/raw/20260505_013220/notes/66cc4646000000001f03e055.json
66d1882e000000001f03b597,最近喜欢猫眼💭 𓇼 𓂂𓈒𓏸,mmei-,2024-08-30,6736,4500,44,1077,简约美甲、猫眼美甲、蝴蝶结美甲、波点美甲、短甲美甲、裸色美甲、ins美甲、夏日美甲、裸色、猫眼、蝴蝶结、短甲、韩系、夏季,"裸色短甲美甲，带有猫眼, 蝴蝶结元素，整体偏韩系, 夏季风格。",5,0,data/xhs/raw/20260505_013220/notes/66d1882e000000001f03b597.json
66c7dbb9000000001d01aff0,黄黑皮姐妹们看过来💅,林D手工穿戴甲,2024-08-23,9081,3245,151,703,美甲、超级好看的美甲、美甲款式推荐、美甲图片、显白,以“黄黑皮姐妹们看过来💅”为主题的美甲，整体偏显白风格。,18,0,data/xhs/raw/20260505_013220/notes/66c7dbb9000000001d01aff0.json
665f03a0000000000e032837,绝了✨猫眼真的太嫩了！显白jio美甲💅🏻,_SisiSuzy_,2024-06-04,5927,3381,24,1557,粉色鞋子、拖鞋、美甲分享、猫眼美甲、自己做美甲、脚美甲、脚美甲分享、宝宝辅食、粉色、猫眼、显白,粉色美甲，带有猫眼元素，整体偏显白风格。,4,0,data/xhs/raw/20260505_013220/notes/665f03a0000000000e032837.json
6794a46b000000001703aa6f,越简单的款越好看啊,燕子,2025-01-25,5247,4250,218,1431,裸粉色美甲、渐变美甲、温柔风美甲、日常通勤美甲、裸色系、耐看美甲、上班族美甲、美甲、妈妈美甲、新年美甲、裸色、粉色、渐变、通勤、温柔、新年,"裸色粉色美甲，带有渐变元素，整体偏通勤, 温柔, 新年风格。",2,4,data/xhs/raw/20260505_013220/notes/6794a46b000000001703aa6f.json
607c02d9000000000102d79f,清新美甲🍑温柔白桃茶🍑爱心晕染凝珠美甲,✨葡萄柚子✨,2021-04-18,6063,5579,22,595,白色、渐变、珍珠、贝壳、温柔,"白色美甲，带有渐变, 珍珠, 贝壳元素，整体偏温柔风格。",8,0,data/xhs/raw/20260505_013220/notes/607c02d9000000000102d79f.json
6778cac60000000013001e83,2024美甲总结,上班爱摸鱼,2025-01-04,6211,4391,141,890,晒晒我的新美甲、美甲款式推荐、腮红美甲、猫眼美甲、裸色、猫眼、渐变,"裸色美甲，带有猫眼, 渐变元素。",13,0,data/xhs/raw/20260505_013220/notes/6778cac60000000013001e83.json
66baf06a000000001e01a4ca,蓝眼泪玻璃珠美甲,辣可咩咩,2024-08-13,3901,3642,57,1761,猫眼美甲、漳州美甲、清透、猫眼,清透美甲，带有猫眼元素。,5,0,data/xhs/raw/20260505_013220/notes/66baf06a000000001e01a4ca.json
6601522a000000000d00d30d,春日美甲🌷粉粉嫩嫩玻璃珠珠~,迷惑桃呦~,2024-03-25,6242,4203,26,750,可爱美甲、春日美甲、猫眼美甲、玻璃珠猫眼、仙女美甲、纯欲美甲、氛围感美甲、少女感美甲、在小红书做美甲、曼卡龙、曼卡龙黄金戒指、曼卡龙晓芙蓉、粉色、清透、猫眼、温柔,粉色清透美甲，带有猫眼元素，整体偏温柔风格。,6,0,data/xhs/raw/20260505_013220/notes/6601522a000000000d00d30d.json
6673f9ee000000001e0139ed,夏日薄荷玻璃珠汽水美甲^>⸝⸝⸝⸝<^,biubiu🌷,2024-06-20,7875,2766,152,641,马卡龙美甲、糖果色美甲、夏日美甲、短甲美甲、ins美甲、氛围感、美甲自拍、hellokitty、小众手表、Davena、清透、亮片、短甲、韩系、夏季,"清透短甲美甲，带有亮片元素，整体偏韩系, 夏季风格。",17,0,data/xhs/raw/20260505_013220/notes/6673f9ee000000001e0139ed.json
6575518b000000000602aab6,超嫩白桃爱心美甲🍑,藕萸小可,2023-12-10,6385,4303,26,580,短款美甲、短指甲美甲、少女心美甲、最显白的指甲油、温柔美甲、简约美甲、指甲油试色、ins美甲、跳色美甲、美甲、美甲分享、日式美甲、秋冬美甲、气质美甲、手绘美甲、仙女美甲、日系美甲、秋冬显白美甲、清新美甲、彩绘美甲、纯欲美甲、爱心美甲、超好看的美甲、裸色,裸色美甲，正文描述为：好嫩的配色！搭配爱心可可爱爱的～ 色号：486裸色+473奶白 #短款美甲[话题]# #短指甲美。,3,0,data/xhs/raw/20260505_013220/notes/6575518b000000000602aab6.json
668a548c000000001f0042e3,玫瑰金猫眼氛围感美甲💅有层次感好高级🤩,圆圆小媛（穿戴甲版）,2024-07-07,4738,4400,8,1060,显白美甲、清透美甲、温柔美甲、冰透美甲、裸色美甲、氛围感美甲、百搭美甲、高级美甲、亲手晒美甲、分享美甲、美甲推荐、气质美甲、富家千金美甲、高级感美甲、冰透色美甲、穿戴甲、仙女美甲、超好看的美甲、纯手工穿戴甲、裸色、粉色、金色、清透、猫眼,裸色粉色美甲，带有猫眼元素。,3,0,data/xhs/raw/20260505_013220/notes/668a548c000000001f0042e3.json
666f983e000000000d00f491,专属夏天jiojio🦶🏻的蓝色玻璃珠渐变,克洛伊吖🐽,2024-06-17,4407,2948,29,1593,脚美甲、美甲分享、猫眼美甲、多伦多美甲、渐变美甲、蓝色、清透、猫眼、渐变、夏季,"蓝色清透美甲，带有猫眼, 渐变元素，整体偏夏季风格。",5,0,data/xhs/raw/20260505_013220/notes/666f983e000000000d00f491.json
66bc3c6c0000000005033fe8,真的好闪！好亮！好仙！,小蝶爱美甲🦋,2024-08-14,5389,3882,23,942,爆闪、闪闪、爆闪美甲、亮晶晶美甲、亮片、美甲亮片、氛围感美甲、我的年度最爱来啦、超好看的美甲、美甲视频、猫眼、温柔、显白,"以“真的好闪！好亮！好仙！”为主题的美甲，带有亮片, 猫眼元素，整体偏温柔, 显白风格。",5,0,data/xhs/raw/20260505_013220/notes/66bc3c6c0000000005033fe8.json
6734612d000000001901585c,Live｜裸色奶咖🧋秋冬奶咖色太温柔气质啦,乖乖兔小美,2024-11-13,5102,3535,25,1094,超好看的美甲、日常通勤美甲、百搭美甲、简单美甲、高级美甲、手上有璀璨星河、亲手晒美甲、奶茶色美甲、简约款美甲、裸色、棕色、通勤、温柔、轻奢、秋冬,"裸色棕色美甲，整体偏通勤, 温柔, 轻奢, 秋冬风格。",5,0,data/xhs/raw/20260505_013220/notes/6734612d000000001901585c.json
6788d733000000001b00ad1c,✨猫眼美甲,Aqakilli,2025-01-16,5400,3626,80,950,亲手晒美甲、短甲美甲、甲油胶试色、裸色猫眼、裸色、猫眼、短甲,裸色短甲美甲，带有猫眼元素。,5,10,data/xhs/raw/20260505_013220/notes/6788d733000000001b00ad1c.json
675c1266000000000603e45e,深圳美甲✨永夜星河🌌指尖上的银河系超美的,深圳花岐美甲HUAQI Nail,2024-12-13,4821,4362,41,823,我眼里的宇宙星河、会发光的美甲、猫眼美甲、追光猫眼、碎钻胶美甲、猫眼、蓝色美甲、星空与海底、细闪美甲、超好看的美甲、显白美甲、花岐美甲、夏天美甲、春夏美甲、氛围感美甲、仙女美甲、甜美美甲、香港美甲、深圳万象天地、香港人北上深圳消费、香港人、深圳南山美甲、深圳宝安美甲、深圳壹方城,以“深圳美甲✨永夜星河🌌指尖上的银河系超美的”为主题的美甲，带有猫眼元素。,3,0,data/xhs/raw/20260505_013220/notes/675c1266000000000603e45e.json
6793856e000000001801b929,淡人的新年美甲｜猫眼就是永远做不腻,迁西小油丽,2025-01-24,5016,3477,35,1009,猫眼美甲、简约美甲、蝴蝶美甲、玻璃珠猫眼、新年美甲、春季美甲、简单美甲、杏仁甲、清透、猫眼、亮片、蝴蝶结、新年,"清透杏仁甲美甲，带有猫眼, 亮片, 蝴蝶结元素，整体偏新年风格。",4,8,data/xhs/raw/20260505_013220/notes/6793856e000000001801b929.json
677e4fac000000001703d069,玫瑰碎钻✨金色渐变猫眼配粉嫩腮红新年甲,奶油堡堡,2025-01-08,4304,4007,12,1019,百搭美甲、冰透美甲、美甲分享、超好看的美甲、温柔美甲、气质美甲、细闪美甲、渐变美甲、美甲款式、新年美甲、粉色、金色、清透、猫眼、渐变、水钻、亮片、花朵、通勤、温柔、新年,"粉色金色美甲，带有猫眼, 渐变, 水钻, 亮片元素，整体偏通勤, 温柔, 新年风格。",3,6,data/xhs/raw/20260505_013220/notes/677e4fac000000001703d069.json
668a88f4000000000a006bff,这些款都好喜欢怎么办！！！,卡卡,2024-07-07,5627,3706,66,567,超好看的美甲、夏天显白美甲、黄黑皮显白美甲、美甲翻车了吗、显白、夏季,"以“这些款都好喜欢怎么办！！！”为主题的美甲，整体偏显白, 夏季风格。",7,0,data/xhs/raw/20260505_013220/notes/668a88f4000000000a006bff.json
6728d50900000000190196ff,温柔系美甲,小金鱼,2024-11-04,4629,3714,71,863,冰透美甲、做完美甲秀一下、日常通勤美甲、美甲的尽头是裸色、医护美甲、裸色、清透、亮片、短甲、通勤、温柔,"裸色清透短甲美甲，带有亮片元素，整体偏通勤, 温柔风格。",5,0,data/xhs/raw/20260505_013220/notes/6728d50900000000190196ff.json
672ca339000000003c016bdb,透明水光🫧感,西北北🌈,2024-11-07,5440,3569,67,640,美甲分享、美甲、超好看的美甲、纯欲美甲、猫眼美甲、裸色、清透、猫眼,裸色清透美甲，带有猫眼元素。,4,0,data/xhs/raw/20260505_013220/notes/672ca339000000003c016bdb.json
66cdca0b000000001d0152d5,自己做的月光腮红美甲，好嫩好自豪！,一条卤蛋,2024-08-27,5012,3565,56,715,腮红美甲、清透美甲、夏日冰透美甲、粉嫩美甲、氛围感美甲、今天美什么甲、月光粉美甲、海莉美甲、显白美甲、美甲、裸色、粉色、清透、渐变、显白、韩系、夏季,"裸色粉色美甲，带有渐变元素，整体偏显白, 韩系, 夏季风格。",5,0,data/xhs/raw/20260505_013220/notes/66cdca0b000000001d0152d5.json
670dcac1000000001b03c8aa,春不晚🌸秋天也想做个温柔的美甲,猫儿不吃草,2024-10-15,3481,3346,17,1142,超好看的美甲、约会美甲、花花美甲、粉嫩美甲、甜美美甲、花卉美甲、猫眼美甲、裸色系美甲、手绘美甲、氛围感美甲、裸色、粉色、猫眼、蝴蝶结、手绘、温柔,"裸色粉色美甲，带有猫眼, 蝴蝶结, 手绘元素，整体偏温柔风格。",3,0,data/xhs/raw/20260505_013220/notes/670dcac1000000001b03c8aa.json
66e596fd000000002603d834,当你做了一个非常满意的美甲…,Smyyu,2024-09-14,4997,3196,435,672,美甲分享、短甲、蝴蝶美甲、透色美甲、杏仁甲、晒晒我的新美甲、手上有璀璨星河、蝴蝶结,短甲美甲，带有蝴蝶结元素。,7,0,data/xhs/raw/20260505_013220/notes/66e596fd000000002603d834.json
6668f921000000001d018f48,新款美甲look🫧波点猫眼巨显白纯欲穿戴甲🐳,晨婕手工穿戴甲,2024-06-12,4788,3000,45,804,尝试一个新look、美甲、穿戴甲、温柔美甲、ins美甲、猫眼美甲、新款美甲、气质美甲、超好看的美甲、大学生宿舍美甲、猫眼、温柔、显白、韩系,"以“新款美甲look🫧波点猫眼巨显白纯欲穿戴甲🐳”为主题的美甲，带有猫眼元素，整体偏温柔, 显白, 韩系风格。",3,0,data/xhs/raw/20260505_013220/notes/6668f921000000001d018f48.json
6789cbce000000001602168b,,优米爱分享👑,2025-01-17,5281,2684,5,676,裸粉色美甲、美甲的尽头就是裸、温柔美甲、超嫩少女心美甲、日常通勤美甲、冰透美甲、上班族美甲、简单美甲、粉嫩美甲、美甲推荐、裸色、粉色、清透、通勤、温柔,"裸色粉色美甲，整体偏通勤, 温柔风格。",9,18,data/xhs/raw/20260505_013220/notes/6789cbce000000001602168b.json
6309c133000000001d0346ee,清新温柔气质乌龙白桃显白美甲,小H,2022-08-27,5115,3634,27,398,美甲分享、显白美甲、温柔美甲、ins美甲、气质美甲、乌龙白桃美甲、超好看的美甲、温柔、显白、韩系,"以“清新温柔气质乌龙白桃显白美甲”为主题的美甲，整体偏温柔, 显白, 韩系风格。",4,0,data/xhs/raw/20260505_013220/notes/6309c133000000001d0346ee.json
66444d44000000001e027d42,交出你的美甲,星乖乖兽,2024-05-15,5831,2929,7931,392,美甲推荐、好看的美甲、分享美甲、ins、快交出你们的美甲图、美甲、法式美甲、超好看的美甲、气质美甲、裸色美甲、温柔美甲、指甲、裸色、法式、温柔、韩系、新年,"裸色美甲，带有法式元素，整体偏温柔, 韩系, 新年风格。",1,0,data/xhs/raw/20260505_013220/notes/66444d44000000001e027d42.json
674804c800000000070327f4,好浓的千金风的美甲！,1pasmomomo,2024-11-28,4487,3559,69,546,日常通勤美甲、镜面美甲、魔镜粉美甲、超好看的美甲、时尚趋势、金色、银色、渐变、镜面、通勤、秋冬,"金色银色美甲，带有渐变, 镜面元素，整体偏通勤, 秋冬风格。",3,0,data/xhs/raw/20260505_013220/notes/674804c800000000070327f4.json
66f3cbfa000000002c014345,这…替大家试过了 老钱风,休闲妙蛙,2024-09-25,5963,2507,873,360,美甲、老钱风美甲,以“这…替大家试过了 老钱风”为主题的美甲，正文描述为：仁者见仁吧 #美甲[话题]# #老钱风美甲[话题]#。,5,0,data/xhs/raw/20260505_013220/notes/66f3cbfa000000002c014345.json
672c5cda000000001d03a8c0,新美甲 look♡♩秋冬温柔丝绒感的豹纹美甲款,Tan美甲少女战士,2024-11-07,5261,2842,25,479,秋冬显白美甲、秋冬美甲配色、猫眼美甲、豹纹美甲、磨砂美甲、温柔美甲仙气美甲神仙美甲干净、美甲分享、亲手晒美甲、超好看的美甲、高级美甲、猫眼、丝绒、温柔、显白、轻奢、韩系、秋冬,"以“新美甲 look♡♩秋冬温柔丝绒感的豹纹美甲款”为主题的美甲，带有猫眼, 丝绒元素，整体偏温柔, 显白, 轻奢, 韩系风格。",5,0,data/xhs/raw/20260505_013220/notes/672c5cda000000001d03a8c0.json
670f203d00000000210047c7,白桃拼钻,樱禾nail门店,2024-10-16,4807,3039,35,510,成都美甲、樱禾门店、客片分享、水钻,以“白桃拼钻”为主题的美甲，带有水钻元素。,2,0,data/xhs/raw/20260505_013220/notes/670f203d00000000210047c7.json
6395bcb3000000001f027fdd,做了个裸粉色丝绒猫眼美甲,iLyra,2022-12-11,4545,3379,64,444,猫眼美甲、美甲、我的日常、美甲分享、裸色、粉色、猫眼、丝绒、通勤,"裸色粉色美甲，带有猫眼, 丝绒元素，整体偏通勤风格。",4,0,data/xhs/raw/20260505_013220/notes/6395bcb3000000001f027fdd.json
678e428e000000002a00025d,粉调微熏,不圆才圆,2025-01-20,5116,3403,26,232,温柔的颜色、温柔,以“粉调微熏”为主题的美甲，整体偏温柔风格。,18,36,data/xhs/raw/20260505_013220/notes/678e428e000000002a00025d.json
678fa4e0000000001800c83f,蓝色银河🌌,一颗糖葫芦🍡,2025-01-21,3226,3062,2,928,美甲分享、蓝色美甲、猫眼、猫眼美甲、亲手晒美甲、手上有璀璨星河、秋冬指尖不孤单、秋冬美甲、蓝色猫眼、显白美甲、蓝色、显白、秋冬,"蓝色美甲，带有猫眼元素，整体偏显白, 秋冬风格。",6,12,data/xhs/raw/20260505_013220/notes/678fa4e0000000001800c83f.json
669f7a4c000000000a027490,公主，请做美甲💅温柔🌸珍珠美甲,蜜糖小姐Missgooey,2024-07-23,3832,3251,38,642,珍珠美甲、温柔风美甲、甜美美甲、超好看的美甲、亲手晒美甲、珍珠、温柔、夏季,"以“公主，请做美甲💅温柔🌸珍珠美甲”为主题的美甲，带有珍珠元素，整体偏温柔, 夏季风格。",4,0,data/xhs/raw/20260505_013220/notes/669f7a4c000000000a027490.json
6728e5fd0000000019017505,Nails｜猫眼珍珠甲,CasLee.,2024-11-04,3546,3520,18,585,美甲分享、猫眼、珍珠、亮片、贝壳,"以“Nails｜猫眼珍珠甲”为主题的美甲，带有猫眼, 珍珠, 亮片, 贝壳元素。",4,0,data/xhs/raw/20260505_013220/notes/6728e5fd0000000019017505.json
66ae011c00000000050234da,精致感裸色超级漂亮,毛丫头,2024-08-03,3946,2733,10,713,亲手晒美甲、裸色指甲油、百搭美甲、简单美甲、一然指甲油、日常通勤美甲、高级美甲、超好看的美甲、奶茶色美甲、美甲、裸色、通勤、轻奢,"裸色美甲，整体偏通勤, 轻奢风格。",3,0,data/xhs/raw/20260505_013220/notes/66ae011c00000000050234da.json
66b18292000000000d031a97,猫眼【夏日清爽版】,旱地拔葱,2024-08-06,3507,3227,56,646,猫眼美甲、细闪美甲、做完美甲秀一下、简约款美甲、简单美甲、短甲美甲、紫色、清透、猫眼、珍珠、亮片、短甲、夏季,"紫色清透短甲美甲，带有猫眼, 珍珠, 亮片元素，整体偏夏季风格。",9,0,data/xhs/raw/20260505_013220/notes/66b18292000000000d031a97.json
66bdbdac000000001e01fad6,如果你想做个嬛嬛美甲但又担心太单调,企鹅公主懒懒子,2024-08-15,4248,2834,50,526,美甲、分享美甲、裸色美甲、嬛嬛美甲、本甲美甲、夏天美甲、live、爆闪美甲、短甲美甲、裸色、法式、水钻、亮片、短甲、杏仁甲、温柔、夏季,"裸色短甲美甲，带有法式, 水钻, 亮片元素，整体偏温柔, 夏季风格。",5,0,data/xhs/raw/20260505_013220/notes/66bdbdac000000001e01fad6.json
6773f8ac000000000b00d435,看到这个猫眼系列的还是一如既往走不动道😍,槿槿睡不够🍓,2024-12-31,4805,2434,55,464,冰透美甲、晶石猫眼美甲、晶莹剔透的精致感、总有一款让你心动、总有一款适合你的、实物更好看、好看的美甲、清透、猫眼,清透美甲，带有猫眼元素。,19,0,data/xhs/raw/20260505_013220/notes/6773f8ac000000000b00d435.json
665d8f77000000001303fdc5,ins 猫猫🐈‍⬛美甲💅甜酷女孩的最爱😍,打工人的魂😻,2024-06-03,3966,2934,26,542,涂鸦美甲、个性美甲、猫咪美甲、小众美甲、高级美甲、百搭美甲、亲手晒美甲、可爱美甲、美甲分享、氛围感美甲、显白美甲、清透美甲、温柔美甲、冰透美甲、裸色美甲、分享美甲、美甲推荐、气质美甲、富家千金美甲、高级感美甲、冰透色美甲、穿戴甲、仙女美甲、超好看的美甲,以“ins 猫猫🐈‍⬛美甲💅甜酷女孩的最爱😍”为主题的美甲，正文描述为：#涂鸦美甲[话题]# #个性美甲[话题]# #猫咪美甲[话题]# #小众美甲[话题]# #高级美。,3,0,data/xhs/raw/20260505_013220/notes/665d8f77000000001303fdc5.json
66c1b2fc0000000025030b62,💅🏻本命美甲➕1！画蝴蝶只有0次和无数次！,胡喊杉,2024-08-18,3440,2346,99,912,美甲、杏仁甲、短款美甲、裸色美甲、腮红美甲、蝴蝶美甲、招财美甲、纯欲美甲、本甲美甲、今天美什么甲、裸色、渐变、蝴蝶结、短甲,"裸色杏仁甲美甲，带有渐变, 蝴蝶结元素。",3,0,data/xhs/raw/20260505_013220/notes/66c1b2fc0000000025030b62.json
669087170000000025016354,美甲💅魔镜粉布局思路大全,爱美甲的Xx.,2024-07-12,3962,2385,1,699,不懂就问有问必答、美甲分享、美甲、魔镜粉美甲、夏日美甲、美甲素材、美甲控笔素材、零基础学美甲、手绘美甲、新手美甲、美甲初学者、镜面、手绘、夏季,"以“美甲💅魔镜粉布局思路大全”为主题的美甲，带有镜面, 手绘元素，整体偏夏季风格。",1,0,data/xhs/raw/20260505_013220/notes/669087170000000025016354.json
66bb2d0f000000001e0191d4,温柔又高级-仙女美甲,梦想泡泡,2024-08-13,3105,3194,6,630,超级好看的美甲、氛围感美甲、仙气美甲、百搭美甲、温柔风美甲、今日份美甲、珍珠美甲、仙女美甲、美甲视频、做完美甲秀一下、珍珠、通勤、温柔、轻奢,"以“温柔又高级-仙女美甲”为主题的美甲，带有珍珠元素，整体偏通勤, 温柔, 轻奢风格。",3,0,data/xhs/raw/20260505_013220/notes/66bb2d0f000000001e0191d4.json
66b73b35000000001e01ce25,裸色波点ins气质美甲,一只小鱼饼,2024-08-11,4075,2646,25,423,指甲油、指甲油试色、可爱美甲、温柔美甲、气质美甲、ins美甲、涂鸦美甲、仙女美甲、夏天美甲、超好看的美甲、亲手晒美甲、最显白的指甲油、裸色、白色、手绘、温柔、显白、韩系、夏季,"裸色白色美甲，带有手绘元素，整体偏温柔, 显白, 韩系, 夏季风格。",3,0,data/xhs/raw/20260505_013220/notes/66b73b35000000001e01ce25.json
63ca62f30000000022038508,幸福花嫁🌸少女感透粉色腮红晕染花朵美甲,十六,2023-01-20,3738,3137,18,353,粉色美甲、腮红美甲、渐变美甲、晕染美甲、少女心美甲、花朵美甲、手绘美甲、魔镜粉美甲、秋冬美甲、ins美甲、婚甲、周大生、周大生珠宝年货节、结婚就要幸福花嫁、粉色、渐变、镜面、花朵、手绘、通勤、温柔、韩系、秋冬,"粉色美甲，带有渐变, 镜面, 花朵, 手绘元素，整体偏婚甲, 通勤, 温柔, 韩系风格。",8,0,data/xhs/raw/20260505_013220/notes/63ca62f30000000022038508.json
66c1d479000000001e018b41,原来黛玉这么时髦,11,2024-08-18,5865,551,97,447,古装美人、林黛玉美甲,以“原来黛玉这么时髦”为主题的美甲，正文描述为：早期黛玉就做了蹭粉美甲#古装美人[话题]# #林黛玉美甲[话题]#。,1,0,data/xhs/raw/20260505_013220/notes/66c1d479000000001e018b41.json
65cfa1e4000000002d00202c,珍珠温柔短款美甲,布拉布拉,2024-02-17,3809,2566,8,421,百搭美甲、简单美甲、珍珠美甲、简约款美甲、超好看的美甲、温柔风美甲、氛围感美甲、日常美甲、裸粉色美甲、甜美美甲、日系美甲、纯欲美甲、跳色美甲、晶石猫眼美甲、富家千金美甲、仙女美甲、裸色、粉色、猫眼、珍珠、短甲、通勤、温柔、日系,"裸色粉色短甲美甲，带有猫眼, 珍珠元素，整体偏通勤, 温柔, 日系风格。",3,0,data/xhs/raw/20260505_013220/notes/65cfa1e4000000002d00202c.json
66e16bc20000000026033991,谁能给我推荐一些显白的短甲！,郑高兴,2024-09-11,5069,1398,1146,279,今日妆容、美甲、美甲分享、我的随手拍、短甲、显白,短甲美甲，整体偏显白风格。,7,0,data/xhs/raw/20260505_013220/notes/66e16bc20000000026033991.json
66eb9647000000002603dd4a,蓝色猫眼集合！,明睿Nail,2024-09-19,3950,2129,63,401,猫眼甲油胶、安徽明睿、猫眼美甲、美甲、猫眼、蓝色,蓝色美甲，带有猫眼元素。,3,0,data/xhs/raw/20260505_013220/notes/66eb9647000000002603dd4a.json
67a1ec4200000000280281fc,手模 | 随便拍拍,代代er,2025-02-04,4246,2056,39,322,上海手模、手控集中营、手控、美手、手、手模、手控福利、裸色美甲、裸甲、本甲、裸色,裸色美甲，正文描述为：洗手间对镜拍拍 指甲长长了 #上海手模[话题]# #手控集中营[话题]# #手控[话题]# #美。,5,10,data/xhs/raw/20260505_013220/notes/67a1ec4200000000280281fc.json
67652089000000001301a777,夏玫瑰金高级感美甲 快收藏起来🧸,Nail _byLlin,2024-12-20,3522,2737,18,330,高级美甲、不做美甲不过冬、美甲款式推荐、美甲图片分享、高级显白美甲、春节美甲、粉色、金色、花朵、显白、轻奢、新年,"粉色金色美甲，带有花朵元素，整体偏显白, 轻奢, 新年风格。",2,0,data/xhs/raw/20260505_013220/notes/67652089000000001301a777.json
66a4cf4a0000000027012c48,薄荷味小星星🌟,Shindle星烛,2024-07-27,3167,2373,15,533,嵊州美甲、手绘美甲、简约款美甲、短甲款式、小短甲、短款美甲、氛围感美甲、夏天美甲、短甲美甲夏天、不明显美甲、星星、手绘、短甲、夏季,"短甲美甲，带有星星, 手绘元素，整体偏夏季风格。",5,0,data/xhs/raw/20260505_013220/notes/66a4cf4a0000000027012c48.json
66f7804d000000002c02e84a,日光下的蜜桃裸粉色,小e大i,2024-09-28,4122,2261,53,229,简单美甲、裸色指甲油、日常美甲、手上有璀璨星河、这就是美甲的意义吧、裸色、粉色、通勤、显白,"裸色粉色美甲，整体偏通勤, 显白风格。",3,0,data/xhs/raw/20260505_013220/notes/66f7804d000000002c02e84a.json
667103d20000000006005cd8,超适合夏天的冰透水蜜桃🍑甜美少女心,嘻哈色彩,2024-06-18,2927,2603,6,498,指甲油试色、少女心美甲、超嫩少女心美甲、粉嫩美甲、甜美美甲、粉色美甲、简单美甲、超好、日常美甲、今日份美甲、粉色、清透、渐变、水钻、通勤、温柔、夏季,"粉色清透美甲，带有渐变, 水钻元素，整体偏通勤, 温柔, 夏季风格。",2,0,data/xhs/raw/20260505_013220/notes/667103d20000000006005cd8.json
66d86f00000000000c01b3d7,🌟美甲干货|尊嘟很简单的猫眼教程来啦,学美甲的小白菜（学习版）,2024-09-04,3261,2327,14,475,浪漫生活的记录者、笔记灵感、猫眼美甲、猫眼美甲教程、猫眼、玻璃珠猫眼、猫眼吸法教程、清透,清透美甲，带有猫眼元素。,4,0,data/xhs/raw/20260505_013220/notes/66d86f00000000000c01b3d7.json
60140ccc000000000101f68f,秋冬美甲,TIAN湉心💜,2021-01-29,3673,2430,21,265,红色、丝绒、秋冬、新年,"红色美甲，带有丝绒元素，整体偏秋冬, 新年风格。",2,0,data/xhs/raw/20260505_013220/notes/60140ccc000000000101f68f.json
66a8a562000000002701250f,磨砂猫眼！男生做太帅了！,王六勺,2024-07-30,2560,1077,144,1077,男士美甲、猫眼、丝绒,"以“磨砂猫眼！男生做太帅了！”为主题的美甲，带有猫眼, 丝绒元素。",3,0,data/xhs/raw/20260505_013220/notes/66a8a562000000002701250f.json
672f3c3f0000000019017fb3,小猫美甲 拿下拿下,软菲,2024-11-09,4694,1335,39,278,美甲、甜妹、拍照姿势、头像分享、女生头像、手绘,以“小猫美甲 拿下拿下”为主题的美甲，带有手绘元素。,6,0,data/xhs/raw/20260505_013220/notes/672f3c3f0000000019017fb3.json
66a74e66000000002701049c,🦋夏日人鱼姬~猫眼搭配魔镜粉，不试试吗,奶油提子球,2024-07-29,2136,2392,37,764,偏光美甲、日常美甲、细闪美甲、氛围感美甲、简单美甲、极光粉美甲、猫眼美甲、夏日美甲、美甲、紫色、猫眼、镜面、亮片、通勤、夏季,"紫色美甲，带有猫眼, 镜面, 亮片元素，整体偏通勤, 夏季风格。",7,0,data/xhs/raw/20260505_013220/notes/66a74e66000000002701049c.json
66bdd7ea0000000025030065,可爱线条涂鸦美甲🤭,小泥人,2024-08-15,3149,2615,15,352,手绘美甲、气质美甲、美甲、裸色美甲、ins美甲、美甲分享、日式美甲、气质裸色系美甲、亲手晒美甲、最显白的指甲油、指甲油、指甲油试色、小众指甲油推荐、平价指甲油试色、春夏指甲油种草、拍照姿势不重样、可爱美甲、涂鸦美甲、宿舍美甲、花式晒美甲挑战、一然指甲油、裸色、白色、手绘,裸色白色美甲，带有手绘元素。,3,0,data/xhs/raw/20260505_013220/notes/66bdd7ea0000000025030065.json
6699921b000000000a0059d4,夏日炎炎裸色通勤甲火火💅🏻,玉儿爱美妆,2024-07-19,3744,2185,33,281,夏日显白美甲、超好看的美甲、百搭美甲、美甲款式夏天显白、简单美甲、简约款美甲、约会美甲、亲手晒美甲、美甲还原度挑战、美甲夏天、裸色、通勤、显白、夏季,"裸色美甲，整体偏通勤, 显白, 夏季风格。",10,0,data/xhs/raw/20260505_013220/notes/6699921b000000000a0059d4.json
678ce3d0000000001b009511,⋆*/ 𝓟𝓲𝓷𝓴 💗 ྀི 桃色肌理 · 温柔纯净,莎莎 SiLiG,2025-01-19,3394,2182,22,316,分享美甲、美甲款式、晕染美甲、渐变美甲、仙女美甲、上海美甲培训、粉色美甲、大理石美甲、粉色系美甲、粉水晶、粉色、渐变、温柔,粉色美甲，带有渐变元素，整体偏温柔风格。,2,4,data/xhs/raw/20260505_013220/notes/678ce3d0000000001b009511.json
67878231000000001802fd66,新年美甲🍂白色渐变粉色腮红手绘花卉美甲,AMDMG美甲,2025-01-15,2559,2291,12,538,超好看的美甲、百搭美甲、腮红美甲、乳白色美甲、花卉美甲、新年美甲、美甲、美甲分享、美甲款式、粉嫩美甲、粉色、白色、渐变、手绘、通勤、新年,"粉色白色美甲，带有渐变, 手绘元素，整体偏通勤, 新年风格。",3,6,data/xhs/raw/20260505_013220/notes/67878231000000001802fd66.json
66476f530000000014019af7,吉林美甲|  薄荷曼波🧼渐变美甲,屋哩美甲工作室,2024-05-17,3348,1996,46,371,吉林美甲、美甲建构、本甲建构、美甲分享、薄荷曼波、ins美甲、渐变美甲、干净美甲、夏天美甲、高级美甲、渐变、轻奢、韩系、夏季,"以“吉林美甲|  薄荷曼波🧼渐变美甲”为主题的美甲，带有渐变元素，整体偏轻奢, 韩系, 夏季风格。",2,0,data/xhs/raw/20260505_013220/notes/66476f530000000014019af7.json
66dd9d9a000000000c01b4b9,🧊,NONO,2024-09-08,2512,1609,14,758,素颜、建构、短甲美甲、男生美甲、白开水美甲、纯欲风、透明、清凉、美甲的尽头就是裸、本甲、白色、清透、短甲、轻奢,白色清透短甲美甲，整体偏轻奢风格。,10,0,data/xhs/raw/20260505_013220/notes/66dd9d9a000000000c01b4b9.json
62cd96fe000000000f00395a,水光肌既视感,一枚永不满足现状的美甲师,2022-07-12,4019,1967,22,88,亲手晒美甲、美甲分享、美甲、水光肌、顯白美甲、气质裸色系美甲、裸色、清透、温柔,裸色清透美甲，整体偏温柔风格。,3,0,data/xhs/raw/20260505_013220/notes/62cd96fe000000000f00395a.json
6752a85d00000000070324ed,准备元旦前做这个。嘻嘻，红丝绒美甲,南南,2024-12-06,2493,1657,74,699,超显白美甲、巨好看显白美甲、丝绒、显白,以“准备元旦前做这个。嘻嘻，红丝绒美甲”为主题的美甲，带有丝绒元素，整体偏显白风格。,2,0,data/xhs/raw/20260505_013220/notes/6752a85d00000000070324ed.json
66adb3cf00000000050327e0,新美甲look🫧温柔镜面金属✨太漂亮了惹～,李狗蛋,2024-08-03,3040,2051,23,380,魔镜粉美甲、镜面美甲、高级清冷感美甲、氛围感美甲、高级美甲、亲手晒美甲、尝试一个新look、笔记灵感、金色、银色、镜面、温柔、轻奢,"金色银色美甲，带有镜面元素，整体偏温柔, 轻奢风格。",4,0,data/xhs/raw/20260505_013220/notes/66adb3cf00000000050327e0.json
672daf83000000001a03415c,live｜富家千金甲，酒红丝绒细闪美甲,青提茶茶,2024-11-08,2481,2271,11,481,秋冬显白美甲、美甲分享、超好看的美甲、氛围感美甲、高级美甲、气质美甲、指甲油推荐、红色、丝绒、亮片、温柔、显白、轻奢、秋冬,"红色美甲，带有丝绒, 亮片元素，整体偏温柔, 显白, 轻奢, 秋冬风格。",5,0,data/xhs/raw/20260505_013220/notes/672daf83000000001a03415c.json
6522c3f7000000001a022714,香槟玫瑰金🍾贵气感拉满,BelleFilles11,2023-10-08,3023,1677,9,463,贵气美甲、奢华美甲、气质美甲、粉色、金色、花朵、温柔、轻奢,"粉色金色美甲，带有花朵元素，整体偏温柔, 轻奢风格。",4,0,data/xhs/raw/20260505_013220/notes/6522c3f7000000001a022714.json
674ebc6d0000000006015bbe,美甲记录2️⃣｜不挑美甲师的粉色法式杏仁甲,乌冬蛋清🥚,2024-12-03,3180,1811,78,339,裸粉色美甲、简约法式美甲、打工人、打工日记、裸色、粉色、法式、杏仁甲,裸色粉色杏仁甲美甲，带有法式元素。,5,0,data/xhs/raw/20260505_013220/notes/674ebc6d0000000006015bbe.json
5c0ebc43000000000800f89d,,CC Nail Art.,2018-12-11,2624,1917,16,487,红色、金色、银色、猫眼、渐变、星星、贝壳、手绘、夏季、新年,"红色金色美甲，带有猫眼, 渐变, 星星, 贝壳元素，整体偏夏季, 新年风格。",6,0,data/xhs/raw/20260505_013220/notes/5c0ebc43000000000800f89d.json
670f7b200000000021009a1e,蓝粉cp💍蓝粉渐变美甲超温柔的透感美甲,玉米汤小美,2024-10-16,2380,2040,9,521,渐变美甲、手上有璀璨星河、超好看的美甲、简单美甲、日常通勤美甲、法式渐变猫眼、清透美甲、氛围感美甲、百搭美甲、亲手晒美甲、清透、猫眼、法式、渐变、通勤、温柔,"清透美甲，带有猫眼, 法式, 渐变元素，整体偏通勤, 温柔风格。",3,0,data/xhs/raw/20260505_013220/notes/670f7b200000000021009a1e.json
66b07ffc000000000503adb5,✨,小吕飞鱼,2024-08-05,4730,917,49,96,温柔,以“✨”为主题的美甲，整体偏温柔风格。,3,0,data/xhs/raw/20260505_013220/notes/66b07ffc000000000503adb5.json
65df03f900000000030368f9,初春第一甲💅甜酷小星星猫眼~,小小迷惑桃,2024-02-28,2986,2195,19,205,猫眼美甲、星星美甲、短款美甲、玻璃珠猫眼、可爱美甲、ins风美甲、纯欲美甲、短指甲美甲、甜酷美甲、酷酷美甲、百搭美甲、亲手晒美甲、氛围感美甲、高级美甲、简单美甲、分享美甲、超好看的美甲、清透、猫眼、星星、短甲、通勤、轻奢、韩系,"清透短甲美甲，带有猫眼, 星星元素，整体偏通勤, 轻奢, 韩系风格。",7,0,data/xhs/raw/20260505_013220/notes/65df03f900000000030368f9.json
66da8fac00000000250325db,世界上不能没有漂亮美甲🎀,嘎嘎哟,2024-09-06,3114,1641,27,328,分享美甲、百搭美甲、乳白色渐变美甲、可爱美甲、白色、渐变、通勤,白色美甲，带有渐变元素，整体偏通勤风格。,4,0,data/xhs/raw/20260505_013220/notes/66da8fac00000000250325db.json
67a10d9a0000000029012f0f,越简单的款越好看啊猫眼款,晚来,2025-02-04,2637,1932,8,363,温柔美甲、细闪美甲、冰透美甲、美甲、氛围感美甲、猫眼法式美甲、清透美甲、腮红美甲、气质美甲、约会美甲、清透、猫眼、法式、渐变、亮片、温柔,"清透美甲，带有猫眼, 法式, 渐变, 亮片元素，整体偏温柔风格。",3,6,data/xhs/raw/20260505_013220/notes/67a10d9a0000000029012f0f.json
663b0114000000001e030bf0,八选一 长尖圆美甲💅,甜.,2024-05-08,1736,651,36,896,帮我选美甲、美甲图片、开学美甲、在小红书做美甲、美甲推荐、好看的美甲、美甲、氛围感美甲、美甲还原度挑战,以“八选一 长尖圆美甲💅”为主题的美甲，正文描述为：姐妹们我选哪一款呢[害羞R][害羞R][害羞R]#帮我选美甲[话题]# #美甲图片[话题]# #。,9,0,data/xhs/raw/20260505_013220/notes/663b0114000000001e030bf0.json
67611be2000000000b00f81c,冰透雾霾蓝丨温柔爱心猫眼美甲🩵,Blue-轻奢穿戴甲,2024-12-17,2535,1818,14,234,美甲、穿戴甲、手工穿戴甲、蓝色美甲、爱心美甲、猫眼美甲、法式美甲、温柔美甲、可爱美甲、给冬天点颜色瞧瞧、白色、蓝色、清透、猫眼、法式、短甲、温柔、秋冬,"白色蓝色短甲美甲，带有猫眼, 法式元素，整体偏温柔, 秋冬风格。",3,0,data/xhs/raw/20260505_013220/notes/67611be2000000000b00f81c.json
6270b964000000002103df0d,奥克兰美甲—奢光玻璃片,DreamNails丨QLD,2022-05-03,2520,1961,16,182,奥克兰美甲、奥克兰北岸美甲、美甲分享、美甲、日式美甲、仙女美甲、短甲推荐、短款美甲、玻璃纸美甲、超闪美甲、亮晶晶美甲、夏天美甲、夏季美甲、春夏美甲、清透、亮片、短甲、温柔、日系、夏季,"清透短甲美甲，带有亮片元素，整体偏温柔, 日系, 夏季风格。",2,0,data/xhs/raw/20260505_013220/notes/6270b964000000002103df0d.json
66b0a21b000000000503a937,冰透美甲｜水蜜桃🍑冰透温柔果冻感渐变美甲,乖乖521,2024-08-05,2337,1792,3,289,美甲、ins美甲、温柔美甲、冰透色美甲、渐变美甲、气质美甲、亲手晒美甲、夏天美甲、可爱美甲、秋天美甲、短甲美甲、裸色、清透、渐变、短甲、温柔、显白、轻奢、韩系、夏季,"裸色清透短甲美甲，带有渐变元素，整体偏温柔, 显白, 轻奢, 韩系风格。",4,0,data/xhs/raw/20260505_013220/notes/66b0a21b000000000503a937.json
643e220700000000130302d7,显白高级｜玫瑰炫丽富家千金美甲,爱豆说美甲,2023-04-18,2466,2115,10,124,美甲分享、气质美甲、富家千金美甲、超显白美甲、美甲、富家千金、ins美甲、粉色、金色、花朵、温柔、显白、轻奢、韩系,"粉色金色美甲，带有花朵元素，整体偏温柔, 显白, 轻奢, 韩系风格。",1,0,data/xhs/raw/20260505_013220/notes/643e220700000000130302d7.json
6718e3f00000000021002aec,当我模仿网图做猫眼时…,小谢想吃芋圆,2024-10-23,2620,1175,163,362,猫眼美甲、美甲、甜酷美甲、短甲美甲、日常美甲、蓝色美甲、绿色美甲、美甲分享、秋冬显白美甲、蓝色、绿色、猫眼、短甲、通勤、显白、秋冬,"蓝色绿色短甲美甲，带有猫眼元素，整体偏通勤, 显白, 秋冬风格。",4,0,data/xhs/raw/20260505_013220/notes/6718e3f00000000021002aec.json
63f478d8000000001303e7b6,美甲 | 早春温柔美甲,Luna纯手工穿戴甲,2023-02-21,3253,1048,13,145,美甲款式、美甲、美甲分享、温柔,以“美甲 | 早春温柔美甲”为主题的美甲，整体偏温柔风格。,7,0,data/xhs/raw/20260505_013220/notes/63f478d8000000001303e7b6.json
678b648a000000001c00c8f4,关于我第二次做美甲…,小鱼脆脆餅,2025-01-18,2281,1446,26,332,美甲款式分享、手绘美甲、简约款美甲、手绘,以“关于我第二次做美甲…”为主题的美甲，带有手绘元素。,2,4,data/xhs/raw/20260505_013220/notes/678b648a000000001c00c8f4.json
6642d36c000000001e03be9a,蓝眼泪猫眼尊嘟太美了、喜欢的不的了,捧一手星星✨,2024-05-14,1471,1486,3,575,猫眼、美甲分享、美甲、亲手晒美甲、氛围感美甲、高级美甲、人鱼姬美甲、百搭美甲、超好看的美甲、猫眼美甲、夏日美甲、显白美甲、仙女美甲、温柔美甲、晶石猫眼美甲、日系美甲、自学美甲、通勤、温柔、显白、轻奢、日系、夏季,"以“蓝眼泪猫眼尊嘟太美了、喜欢的不的了”为主题的美甲，带有猫眼元素，整体偏通勤, 温柔, 显白, 轻奢风格。",3,0,data/xhs/raw/20260505_013220/notes/6642d36c000000001e03be9a.json
66812073000000001e011658,暗夜星空🌌墨蓝色渐变美甲好闪像夜晚星星,乖乖兔小美,2024-06-30,1668,1875,10,369,蓝色美甲、银色美甲、酷酷美甲、猫眼美甲、亲手晒美甲、百搭美甲、高级美甲、超好看的美甲、氛围感美甲、日常美甲、蓝色、银色、猫眼、渐变、亮片、星星、通勤、轻奢,"蓝色银色美甲，带有猫眼, 渐变, 亮片, 星星元素，整体偏通勤, 轻奢风格。",2,0,data/xhs/raw/20260505_013220/notes/66812073000000001e011658.json
67971022000000001800aeba,我恨手机拍摄！实物巨闪！,睡眠艺术家兜兜,2025-01-27,2400,1550,80,220,点燃你的新春烟花、亮晶晶美甲、短甲美甲、新年战甲、贴钻美甲、爆闪美甲、水钻、亮片、短甲、新年,"短甲美甲，带有水钻, 亮片元素，整体偏新年风格。",1,2,data/xhs/raw/20260505_013220/notes/67971022000000001800aeba.json
6752c504000000000202f8c0,荔枝草莓甜心晕染美甲,浅海草,2024-12-06,1870,1778,3,287,温柔美甲、超嫩少女心美甲、冰透美甲、美甲、日常通勤美甲、粉嫩美甲、裸粉色美甲、清透美甲、约会美甲、仙女美甲、裸色、粉色、清透、渐变、通勤、温柔,"裸色粉色美甲，带有渐变元素，整体偏通勤, 温柔风格。",3,0,data/xhs/raw/20260505_013220/notes/6752c504000000000202f8c0.json
664073e8000000001e021ea3,毛茸茸的猫咪➕猫眼美甲🐱太可爱辣˗ˏˋ♥︎︎ˎˊ˗,iuobae,2024-05-12,1992,1196,25,432,猫咪美甲、卡通美甲、可爱美甲、亲手晒美甲、日常美甲、百搭美甲、在小红书做美甲、美甲分享、ins美甲、手绘美甲、猫眼美甲、猫眼美甲款式、猫眼、手绘、通勤、韩系,"以“毛茸茸的猫咪➕猫眼美甲🐱太可爱辣˗ˏˋ♥︎︎ˎˊ”为主题的美甲，带有猫眼, 手绘元素，整体偏通勤, 韩系风格。",1,0,data/xhs/raw/20260505_013220/notes/664073e8000000001e021ea3.json
664f358d00000000140184d7,古希腊掌管猫眼的神💙,一颗橙zzz,2024-05-23,1848,1282,10,409,亲手晒美甲、纯色美甲、简约款美甲、猫眼、玻璃珠猫眼、玻璃珠美甲、清透,清透美甲，带有猫眼元素。,4,0,data/xhs/raw/20260505_013220/notes/664f358d00000000140184d7.json
66767b30000000001f007fe1,新美甲look🧊夏日水光感真的很难拒绝🥹,琉猫穿戴甲,2024-06-22,2379,1105,10,251,清透美甲、氛围感美甲、仙女美甲、穿戴甲、腮红美甲、水光感美甲、清透、渐变、温柔、显白、夏季,"清透美甲，带有渐变元素，整体偏温柔, 显白, 夏季风格。",3,0,data/xhs/raw/20260505_013220/notes/66767b30000000001f007fe1.json
6777cfd60000000009016670,才做的的美甲，好像和原图没关系🧐,nananall,2025-01-03,2233,1482,207,171,魔镜粉美甲、银色美甲、银色、镜面,银色美甲，带有镜面元素。,2,0,data/xhs/raw/20260505_013220/notes/6777cfd60000000009016670.json
6493cec700000000130122c0,一天能看八百遍,羽羽,2023-06-22,2527,1304,332,130,美甲、个人美甲玩家、猫眼美甲、晶石猫眼美甲、本甲美甲、亲手晒美甲、燕翎、燕翎美甲、清透、猫眼,清透美甲，带有猫眼元素。,6,0,data/xhs/raw/20260505_013220/notes/6493cec700000000130122c0.json
6648dbcb0000000016013567,到底有没有适合黄黑皮的美甲💅,小小athere,2024-05-19,2307,925,1303,323,美甲、黄黑皮、黄黑皮美甲、超好看的美甲、美甲分享、显白,以“到底有没有适合黄黑皮的美甲💅”为主题的美甲，整体偏显白风格。,1,0,data/xhs/raw/20260505_013220/notes/6648dbcb0000000016013567.json
67711782000000000902f5b6,真的很爱 这该死的丝绒感,黑眼豆豆👀,2024-12-29,1218,1210,8,579,美甲、美甲猫眼、磨砂美甲、钢板印花美甲、磨砂猫眼、腮红美甲、超好看美甲、丝绒感美甲、ins美甲、猫眼、渐变、丝绒、韩系、新年,"以“真的很爱 这该死的丝绒感”为主题的美甲，带有猫眼, 渐变, 丝绒元素，整体偏韩系, 新年风格。",5,0,data/xhs/raw/20260505_013220/notes/67711782000000000902f5b6.json
668e893a0000000025002646,「一直游到海水变蓝」&「一瓶沙砾」🌊🏝️,jins,2024-07-10,1752,1188,414,400,指甲油、自调指甲油、指甲油试色、美甲、美甲教程分享、夏日美甲、超好看的美甲、海边穿搭、猫眼美甲、蓝色、绿色、猫眼、水钻、亮片、夏季,"蓝色绿色美甲，带有猫眼, 水钻, 亮片元素，整体偏夏季风格。",14,0,data/xhs/raw/20260505_013220/notes/668e893a0000000025002646.json
665fd04a000000000e031842,奶白极简法式美甲~,米哩米指甲油,2024-06-05,1878,1552,,236,法式美甲、最显白的指甲油、ins美甲、海底捞美甲、美甲分享、高级美甲、简单美甲、干净美甲、氛围感美甲、百搭美甲、一然指甲油、白色、法式、通勤、显白、轻奢、韩系,"白色美甲，带有法式元素，整体偏通勤, 显白, 轻奢, 韩系风格。",3,0,data/xhs/raw/20260505_013220/notes/665fd04a000000000e031842.json
6672c0dd00000000060045dc,奶茶裸色🧋丝绒渐变法式美甲💕,橙C美式,2024-06-19,2165,1547,10,125,orange指甲油、指甲油、指甲油试色、裸色指甲油、奶茶色美甲、日常通勤美甲、百搭美甲、超好看的美甲、裸色美甲、法式美甲、裸色、法式、渐变、丝绒、通勤,"裸色美甲，带有法式, 渐变, 丝绒元素，整体偏通勤风格。",3,0,data/xhs/raw/20260505_013220/notes/6672c0dd00000000060045dc.json
679cfad2000000002900cc4e,婚甲｜四选一,张梓曦啊,2025-02-01,1774,1310,46,328,婚甲、帮我选美甲、气质高级感美甲、婚礼穿戴甲、温柔、轻奢,"以“婚甲｜四选一”为主题的美甲，整体偏婚甲, 温柔, 轻奢风格。",5,10,data/xhs/raw/20260505_013220/notes/679cfad2000000002900cc4e.json
66553de0000000001303f98c,想做美甲了！求个短甲款式,糖芋艿,2024-05-28,2070,957,2493,339,美甲、苏州、仙女美甲、短甲美甲、ins美甲、美甲分享、高级美甲、美甲推荐、短甲、温柔、轻奢、韩系,"短甲美甲，整体偏温柔, 轻奢, 韩系风格。",1,0,data/xhs/raw/20260505_013220/notes/66553de0000000001303f98c.json
66f694ab000000001902cf2e,薄荷味星星💫,日向雏田,2024-09-27,2066,1364,27,195,美甲、美甲分享、超好看的美甲、星星美甲、彩绘美甲、日系美甲、夏天美甲、短甲美甲、短甲、甜酷美甲、星星、日系、夏季,"短甲美甲，带有星星元素，整体偏日系, 夏季风格。",5,0,data/xhs/raw/20260505_013220/notes/66f694ab000000001902cf2e.json
676e080e000000000900f018,美甲存档,云云云朵!,2024-12-27,1757,1425,9,271,,以“美甲存档”为主题的美甲。,14,0,data/xhs/raw/20260505_013220/notes/676e080e000000000900f018.json
66190c84000000001a0133f1,春日清新薄荷曼波花花美甲🦋夏天显白秘诀🤍,不是阿Q,2024-04-12,2242,1529,5,72,美甲、美甲分享、薄荷美甲、薄荷曼波美甲、美白身体乳、身体乳推荐夏天、OLAY超白瓶身体乳、平价美白、手部护理、珍珠、花朵、温柔、显白、夏季,"以“春日清新薄荷曼波花花美甲🦋夏天显白秘诀🤍”为主题的美甲，带有珍珠, 花朵元素，整体偏温柔, 显白, 夏季风格。",8,0,data/xhs/raw/20260505_013220/notes/66190c84000000001a0133f1.json
66b0d9810000000025031418,想要一个全是超短甲的评论区！,大饼有点憨,2024-08-05,2192,1141,350,204,氛围感美甲、简单美甲、清透美甲、分享美甲、耐看美甲、高级感美甲、吉他指弹、清透、短甲、轻奢,清透短甲美甲，整体偏轻奢风格。,4,0,data/xhs/raw/20260505_013220/notes/66b0d9810000000025031418.json
667c334b000000001c022567,都给我去做！！！！！｜极简｜中性｜美甲,孜然赠予你,2024-06-26,2276,718,84,278,极简美甲、酷酷美甲、简单美甲、简约款美甲、男生美甲,以“都给我去做！！！！！｜极简｜中性｜美甲”为主题的美甲，正文描述为：#极简美甲[话题]# #酷酷美甲[话题]# #简单美甲[话题]# #简约款美甲[话题]# #男生。,11,0,data/xhs/raw/20260505_013220/notes/667c334b000000001c022567.json
67553e90000000000700c915,浪漫星云✨氛围感猫眼美甲,湖北感为数字科技有限公司,2024-12-08,1521,1239,3,349,武汉美甲、同城、2025美甲、美甲大全、自助美甲、ins风、猫眼、韩系,以“浪漫星云✨氛围感猫眼美甲”为主题的美甲，带有猫眼元素，整体偏韩系风格。,3,0,data/xhs/raw/20260505_013220/notes/67553e90000000000700c915.json
675fbdac0000000002017e41,喵咪美甲来咯,九紫,2024-12-16,1170,1234,5,451,法式美甲、猫咪美甲、新年美甲、美甲分享、日式美甲、我的新年美甲、美甲、美甲款式分享、超好看的美甲、仙女美甲、法式、手绘、温柔、日系、新年,"以“喵咪美甲来咯”为主题的美甲，带有法式, 手绘元素，整体偏温柔, 日系, 新年风格。",5,0,data/xhs/raw/20260505_013220/notes/675fbdac0000000002017e41.json
5d1f188a000000002602dd48,夏日高颜值撞色美甲🌸超显白清新美甲🌈,泡泡龙,2019-07-05,1509,1516,25,207,粉色、红色、绿色、通勤、温柔、显白、韩系、日系、夏季,"粉色红色美甲，整体偏通勤, 温柔, 显白, 韩系风格。",9,0,data/xhs/raw/20260505_013220/notes/5d1f188a000000002602dd48.json
62cd928d000000000f002834,玫瑰金线条美甲💅,柬埔寨曼玉張,2022-07-12,1568,1302,11,229,气质美甲、线条美甲、ins美甲、美甲、美甲分享、手绘美甲、粉色、金色、花朵、手绘、温柔、韩系,"粉色金色美甲，带有花朵, 手绘元素，整体偏温柔, 韩系风格。",7,0,data/xhs/raw/20260505_013220/notes/62cd928d000000000f002834.json
61288cac0000000021034be0,Nail｜短甲分享｜高级感简约ins美甲▫️,小王吃不饱,2021-08-27,1947,1220,22,126,亲手晒美甲、ins风、高级感美甲、粉色、白色、金色、银色、镜面、花朵、短甲、方甲、轻奢、韩系,"粉色白色短甲美甲，带有镜面, 花朵元素，整体偏轻奢, 韩系风格。",6,0,data/xhs/raw/20260505_013220/notes/61288cac0000000021034be0.json
66acc0e2000000000600e6bc,丝绸质感的贝壳粉，温柔又气质,美弋熙,2024-08-02,1447,1210,8,292,极光粉美甲、裸色系、简单美甲、百搭美甲、超好看的美甲、粉嫩美甲、亲手晒美甲、美甲、指甲油、仙女美甲、裸色、粉色、珍珠、贝壳、通勤、温柔,"裸色粉色美甲，带有珍珠, 贝壳元素，整体偏通勤, 温柔风格。",4,0,data/xhs/raw/20260505_013220/notes/66acc0e2000000000600e6bc.json
667c2a78000000001f006041,🛒PDD夏季多巴胺穿戴甲分享💅,源源爱分享,2024-06-26,2110,1009,13,133,美甲、美甲图、美甲分享、穿戴甲、超好看的美甲、夏季,以“🛒PDD夏季多巴胺穿戴甲分享💅”为主题的美甲，整体偏夏季风格。,10,0,data/xhs/raw/20260505_013220/notes/667c2a78000000001f006041.json
674c586d00000000060158cd,🍧白桃乌龙青慕斯美甲,番茄🍅,2024-12-01,1601,1154,4,239,可爱美甲、氛围感美甲、最显白的指甲油、ins美甲、纯色美甲、短甲美甲、百搭美甲、超好看的美甲、童趣美甲、跳色美甲、粉色、短甲、通勤、温柔、显白、韩系,"粉色短甲美甲，整体偏通勤, 温柔, 显白, 韩系风格。",4,0,data/xhs/raw/20260505_013220/notes/674c586d00000000060158cd.json
67a5a922000000001902f5f5,蓝紫色星空星空✨✨✨,米小米,2025-02-08,1104,1164,3,401,碎钻美甲、超好看的美甲、蓝色美甲、气质美甲、少女心美甲、美甲夏天、星星控制你的指尖、星星美甲、爆闪美甲、蓝色、紫色、水钻、亮片、星星、温柔、夏季,"蓝色紫色美甲，带有水钻, 亮片, 星星元素，整体偏温柔, 夏季风格。",2,4,data/xhs/raw/20260505_013220/notes/67a5a922000000001902f5f5.json
6788d99700000000180156db,猫眼🐈‍⬛温润玉石感🩶玻璃珠珠美甲🍵,了些L,2025-01-16,1532,1184,10,250,猫眼美甲、猫眼、玻璃珠猫眼美甲、玻璃珠猫眼、绿色猫眼美甲、裸色猫眼美甲、国风美甲、裸色、绿色、清透、亮片、新中式,"裸色绿色美甲，带有猫眼, 亮片元素，整体偏新中式风格。",9,18,data/xhs/raw/20260505_013220/notes/6788d99700000000180156db.json
66dbee0000000000120129e0,想把这个极光渐变甲焊在手上,小彦彦美妆,2024-09-07,975,1388,3,366,指甲油、美甲、裸色美甲、偏光美甲、氛围感美甲、亲手晒美甲、极光美甲、仙女美甲、短甲美甲、人鱼姬美甲、裸色、金色、渐变、短甲、温柔,裸色金色短甲美甲，带有渐变元素，整体偏温柔风格。,3,0,data/xhs/raw/20260505_013220/notes/66dbee0000000000120129e0.json
66cc70e0000000001f03f0eb,绝美手绘美甲,海瑟薇,2024-08-26,1994,1027,4,140,粉嫩美甲、甜美美甲、粉色、手绘、温柔,粉色美甲，带有手绘元素，整体偏温柔风格。,7,0,data/xhs/raw/20260505_013220/notes/66cc70e0000000001f03f0eb.json
6698ac99000000000a004b57,夏日清新薄荷🍉温岭美甲💠冰透猫眼腮红,梨要飞阿飞,2024-07-18,1643,1097,66,231,清透美甲、腮红美甲、夏日冰透美甲、冰透色美甲、美甲还原度挑战、氛围感美甲、美甲推荐、好看的美甲、美甲分享、美甲、绿色、清透、猫眼、渐变、夏季,"绿色清透美甲，带有猫眼, 渐变元素，整体偏夏季风格。",4,0,data/xhs/raw/20260505_013220/notes/6698ac99000000000a004b57.json
668385a3000000001e0114e9,海底捞美甲踩雷了……,1111汁酱,2024-07-02,1387,323,740,564,亲手晒美甲、海底捞美甲、猫眼美甲、美甲分享、猫眼,以“海底捞美甲踩雷了……”为主题的美甲，带有猫眼元素。,6,0,data/xhs/raw/20260505_013220/notes/668385a3000000001e0114e9.json
66b9fa9a000000001e018cc1,服了 剪完指甲变成小孩手了……,飞走,2024-08-12,2284,531,435,158,日常美甲、美甲分享、手、手控、手模、infp、infp小蝴蝶、励志鸡汤句子、蝴蝶结、通勤,以“服了 剪完指甲变成小孩手了……”为主题的美甲，带有蝴蝶结元素，整体偏通勤风格。,5,0,data/xhs/raw/20260505_013220/notes/66b9fa9a000000001e018cc1.json
6780b39b0000000001001977,🐱短甲,小狗该睡觉了,2025-01-10,1446,1058,16,243,短甲、美甲、日常通勤美甲、简单美甲、法式猫眼、新年美甲、猫眼、法式、通勤、新年,"短甲美甲，带有猫眼, 法式元素，整体偏通勤, 新年风格。",3,6,data/xhs/raw/20260505_013220/notes/6780b39b0000000001001977.json
67617a3f000000001301877b,新鲜出炉的圣诞美甲💅🏻✨🎄🌟❄️,爱吃冰淇玲女士,2024-12-17,1377,1013,12,265,圣诞美甲、冬日美甲、氛围感美甲、简约款美甲、杏仁甲、短甲美甲、短甲,杏仁甲美甲，正文描述为：#圣诞美甲[话题]# #冬日美甲[话题]# #氛围感美甲[话题]# #简约款美甲[话题]# #杏。,5,0,data/xhs/raw/20260505_013220/notes/67617a3f000000001301877b.json
66ffd30b000000001b022c19,薄荷曼波系列美甲推荐💚,心心子的穿搭日记,2024-10-04,1915,895,10,101,美甲、超好看的美甲、穿戴甲、氛围感美甲、美甲分享、薄荷曼波、夏日美甲、仙女美甲、穿戴甲分享、清新美甲、温柔、夏季,"以“薄荷曼波系列美甲推荐💚”为主题的美甲，整体偏温柔, 夏季风格。",17,0,data/xhs/raw/20260505_013220/notes/66ffd30b000000001b022c19.json
668b6a97000000000d00d6cc,超适合拍婚纱照的美甲百搭显气质！巨温柔~~,小🍑的备婚手账,2024-07-08,1258,645,15,395,婚纱照推荐、银川婚纱照、罗马嫁日影像、美甲分享、备婚清单、婚纱照注意事项、婚纱照准备物品、备婚推荐、备婚攻略、裸色、粉色、白色、红色、金色、清透、法式、珍珠、水钻、亮片、贝壳、通勤、温柔、轻奢、新中式,"裸色粉色美甲，带有法式, 珍珠, 水钻, 亮片元素，整体偏通勤, 温柔, 轻奢, 新中式风格。",7,0,data/xhs/raw/20260505_013220/notes/668b6a97000000000d00d6cc.json
665a8447000000001401aa17,紫色渐变星星蝴蝶美甲✨,milimi米哩米,2024-06-01,1151,1101,8,259,紫色美甲、蝴蝶美甲、渐变美甲、亲手晒美甲、简单美甲、百搭美甲、可爱美甲、超好看的美甲、氛围感美甲、milimi穿戴甲、紫色、渐变、亮片、星星、蝴蝶结、通勤、温柔,"紫色美甲，带有渐变, 亮片, 星星, 蝴蝶结元素，整体偏通勤, 温柔风格。",3,0,data/xhs/raw/20260505_013220/notes/665a8447000000001401aa17.json
66e2c9bd000000000c01b122,珠光丝绸 是白月光啊,不负如来不负卿 💋,2024-09-12,1042,1205,5,219,简约款美甲、这就是美甲的意义吧、简单美甲、美甲的尽头就是裸、干净美甲、美甲、超好看的美甲、美甲分享、白色,白色美甲，正文描述为：这质感与衬衫更配喔～ 爱穿衬衫的美眉过来康康[偷笑R] #简约款美甲[话题]# #这就是美甲的意。,2,0,data/xhs/raw/20260505_013220/notes/66e2c9bd000000000c01b122.json
6751468e000000000601595e,秋冬美甲 这一个就够了 💅,阿土tu,2024-12-05,1324,1120,43,139,美甲、秋冬美甲、魔镜粉、渐变、镜面、秋冬,"以“秋冬美甲 这一个就够了 💅”为主题的美甲，带有渐变, 镜面元素，整体偏秋冬风格。",1,0,data/xhs/raw/20260505_013220/notes/6751468e000000000601595e.json
6725c367000000001b013ec5,🥀｜红丝绒,小李在这,2024-11-02,1437,745,9,218,这就是美甲的意义吧、红色美甲、超好看的美甲、简约款美甲、美甲、秋冬显白美甲、甜酷美甲、单色美甲、纯色美甲、磨砂美甲、红色、丝绒、显白、秋冬,"红色美甲，带有丝绒元素，整体偏显白, 秋冬风格。",4,0,data/xhs/raw/20260505_013220/notes/6725c367000000001b013ec5.json
66c95de2000000001f03fa47,白色美甲总是那么好看💅🏻,柚子时尚穿搭,2024-08-24,1846,697,5,91,仙女聚会快乐加倍、小红书图文模板、超级好看的美甲、百搭美甲、美甲款式夏天显白、简约款美甲、高级美甲、简单美甲、做完美甲秀一下、气质高级感美甲、白色、通勤、温柔、显白、轻奢、夏季,"白色美甲，整体偏通勤, 温柔, 显白, 轻奢风格。",5,0,data/xhs/raw/20260505_013220/notes/66c95de2000000001f03fa47.json
674d38da000000000202af27,🇲🇾🆘关于我给美甲师和她给我的….,洁思敏,2024-12-02,1521,934,17,118,兴趣榜样、马来西亚、美甲分享、猫眼美甲、招财猫眼美甲、kl美甲、setapak美甲、kl猫眼美甲、tarumt、猫眼,以“🇲🇾🆘关于我给美甲师和她给我的….”为主题的美甲，带有猫眼元素。,11,0,data/xhs/raw/20260505_013220/notes/674d38da000000000202af27.json
6651760500000000050045da,💅🏻夏日浪漫温柔渐变~ 快来get！,颜贵妃,2024-05-25,1481,976,2,117,可爱美甲、简单美甲、甜美美甲、百搭美甲、超好看的美甲、超嫩少女心美甲、今日份美甲、日常美甲、粉嫩美甲、春日感温柔美甲、粉色、渐变、短甲、通勤、温柔、夏季,"粉色短甲美甲，带有渐变元素，整体偏通勤, 温柔, 夏季风格。",3,0,data/xhs/raw/20260505_013220/notes/6651760500000000050045da.json
679ccdfe000000002901dcd9,乳白色给的清冷感！！,毛豆不喝粥,2025-01-31,1276,919,11,185,乳白色美甲、自带清冷感、无法拒绝的温柔感、软乎乎的温柔风、干净的颜色、高级清透感、高级感的米白色系、指甲油、白色、清透、温柔、轻奢,"白色清透美甲，整体偏温柔, 轻奢风格。",4,8,data/xhs/raw/20260505_013220/notes/679ccdfe000000002901dcd9.json
663b181b000000001e0393d1,美甲做起来！！,冰激凌旺仔,2024-05-08,1018,595,21,372,简约款美甲、超好看的美甲、美甲图片分享、太好看了吧、简单美甲、高级显白美甲、百搭美甲、美甲视频、美甲款式推荐、美甲控、亮出比这套更好看的美甲、通勤、显白、轻奢,"以“美甲做起来！！”为主题的美甲，整体偏通勤, 显白, 轻奢风格。",8,0,data/xhs/raw/20260505_013220/notes/663b181b000000001e0393d1.json
6788b00b000000001803eb53,,一只小兔子,2025-01-16,1165,949,35,199,美甲还原度挑战、温柔风美甲、短指甲做起来也好看、珍珠美甲、短款美甲、神仙美甲、买家秀vs卖家秀、清透美甲、猫眼法式美甲、合肥美甲店、清透、猫眼、法式、珍珠、短甲、温柔、新年,"清透短甲美甲，带有猫眼, 法式, 珍珠元素，整体偏温柔, 新年风格。",3,6,data/xhs/raw/20260505_013220/notes/6788b00b000000001803eb53.json
6780e131000000001703b846,似星空🌃,发财丸子,2025-01-10,988,916,5,248,超好看的美甲、猫眼美甲、点亮了星空、我眼里的宇宙星河、星空猫眼、显白猫眼、恩妮诗破茧成蝶、猫眼、星星、显白,"以“似星空🌃”为主题的美甲，带有猫眼, 星星元素，整体偏显白风格。",2,4,data/xhs/raw/20260505_013220/notes/6780e131000000001703b846.json
676c1879000000001301a485,美甲变成这样居然是,海兽,2024-12-25,1706,378,251,174,晒晒我的新美甲、美甲款式推荐、裸色,裸色美甲，正文描述为：本甲加了建构了，涂得裸色，当时第一次做的时候两个星期不到就裂成了p1那样，后面去找了店主，同意给。,3,0,data/xhs/raw/20260505_013220/notes/676c1879000000001301a485.json
670242f0000000002c0298a8,蓝色海洋系猫眼贝壳美甲，太爱啦！,想天天开心的5mh.,2024-10-06,986,966,15,201,猫眼美甲、秋冬美甲、蓝色美甲、贝壳美甲、海洋系美甲、蓝色、猫眼、贝壳、秋冬,"蓝色美甲，带有猫眼, 贝壳元素，整体偏秋冬风格。",4,0,data/xhs/raw/20260505_013220/notes/670242f0000000002c0298a8.json
67444e700000000006015018,‼️黄黑皮不配拥有海莉甲吗,一盘香梨,2024-11-25,1402,917,59,77,美甲、海莉美甲、秋冬显白美甲、渐变、显白、韩系、秋冬,"以“‼️黄黑皮不配拥有海莉甲吗”为主题的美甲，带有渐变元素，整体偏显白, 韩系, 秋冬风格。",4,0,data/xhs/raw/20260505_013220/notes/67444e700000000006015018.json
66924cdd0000000025015c24,夏天薄荷蓝绿色跳色~,一只小鱼饼,2024-07-14,1107,1074,2,115,手绘美甲、亲手晒美甲、夏天美甲、可爱美甲、最显白的指甲油、指甲油、指甲油试色、指甲油分享、蓝色美甲、跳色美甲、显白美甲、气质美甲、ins美甲、蓝色、绿色、手绘、温柔、显白、韩系、夏季,"蓝色绿色美甲，带有手绘元素，整体偏温柔, 显白, 韩系, 夏季风格。",3,0,data/xhs/raw/20260505_013220/notes/66924cdd0000000025015c24.json
67a5ce32000000001701f5c4,这个猫猫美甲yyds～,xue xue _,2025-02-07,1573,669,7,89,猫咪美甲、短甲推荐、手绘美甲、可爱风美甲、小短甲、可爱小短甲、分享美甲、童趣美甲、美甲款式分享、手绘、短甲,短甲美甲，带有手绘元素。,6,12,data/xhs/raw/20260505_013220/notes/67a5ce32000000001701f5c4.json
67387272000000001b02ea69,果汁碎冰冰🍧渐变美甲,西言,2024-11-16,1014,1069,8,135,渐变美甲、亲手晒美甲、日常美甲、简单美甲、氛围感美甲、记录吧就现在、约会美甲、冰透美甲、生活美学、清透、渐变、通勤,清透美甲，带有渐变元素，整体偏通勤风格。,5,0,data/xhs/raw/20260505_013220/notes/67387272000000001b02ea69.json
668c15660000000025017806,通勤人不配做美甲🏃才怪,乌云盖雪🐾,2024-07-09,1024,811,15,196,日常通勤美甲、裸色美甲、上班族美甲、裸色指甲油、简约款美甲、简单美甲、百搭美甲、亲手晒美甲、美甲、高级美甲、裸色、渐变、丝绒、通勤、轻奢,"裸色美甲，带有渐变, 丝绒元素，整体偏通勤, 轻奢风格。",1,0,data/xhs/raw/20260505_013220/notes/668c15660000000025017806.json
6755d26a000000000103e519,男生美甲2.0💅,悲伤de火山,2024-12-09,1131,639,28,212,男生美甲,以“男生美甲2.0💅”为主题的美甲，正文描述为：#男生美甲[话题]#。,3,0,data/xhs/raw/20260505_013220/notes/6755d26a000000000103e519.json
666f99db000000000e0338f5,春夏美甲～小清新花花🌸🌸,房东,2024-06-17,979,769,4,205,可爱美甲、简单美甲、短甲美甲夏天、百搭美甲、美甲还原度挑战、甜美美甲、超好看的美甲、简约款美甲、约会美甲、爱心美甲、短甲、通勤、温柔、夏季,"短甲美甲，整体偏通勤, 温柔, 夏季风格。",9,0,data/xhs/raw/20260505_013220/notes/666f99db000000000e0338f5.json
66bc08ac0000000025031295,奶黄色小花花美甲,一只小鱼饼,2024-08-14,996,775,,173,指甲油、指甲油试色、美甲、美甲分享、可爱美甲、气质美甲、温柔美甲、最显白的指甲油、亲手晒美甲、涂鸦美甲、夏天美甲、花朵、手绘、温柔、显白、夏季,"以“奶黄色小花花美甲”为主题的美甲，带有花朵, 手绘元素，整体偏温柔, 显白, 夏季风格。",3,0,data/xhs/raw/20260505_013220/notes/66bc08ac0000000025031295.json
66d82bf80000000012012307,白桃乌龙猫眼美甲,小泥人,2024-09-04,793,1028,1,142,美甲、气质美甲、手绘美甲、ins美甲、美甲分享、猫眼美甲、可爱美甲、亲手晒美甲、温柔美甲、日式美甲、做完美甲秀一下、高级美甲、爆闪美甲、贴钻美甲、仙女美甲、日系美甲、纯欲美甲、猫眼、水钻、亮片、手绘、温柔、轻奢、韩系,"以“白桃乌龙猫眼美甲”为主题的美甲，带有猫眼, 水钻, 亮片, 手绘元素，整体偏温柔, 轻奢, 韩系风格。",3,0,data/xhs/raw/20260505_013220/notes/66d82bf80000000012012307.json
676ed10c000000000800d791,糖果玻璃纸猫眼美甲🍬🍬🍬,一只双鱼,2024-12-28,783,779,11,221,淮安美甲、美甲、超好看的美甲、糖果、高级美甲、美甲分享、玻璃珠猫眼、秋冬美甲、新年美甲、清透、猫眼、轻奢、秋冬、新年,"清透美甲，带有猫眼元素，整体偏轻奢, 秋冬, 新年风格。",4,0,data/xhs/raw/20260505_013220/notes/676ed10c000000000800d791.json
66ae351b000000000503815e,奥运女将的美甲们～,朝颜研究所,2024-08-03,1886,88,20,38,巴黎奥运会、女运动员、女性力量、女子力、美甲,以“奥运女将的美甲们～”为主题的美甲，正文描述为：不知为何，看到这些奥运女将精心做好的美甲就觉得：女性可真美好啊！ 她们有力量，有智慧，有美丽。爱。,12,0,data/xhs/raw/20260505_013220/notes/66ae351b000000000503815e.json
669099ba000000000a024478,来一条全是杏仁甲的,芝士肥牛卷,2024-07-12,1264,450,4786,122,名为夏天的绿色、美甲分享、延长甲、杏仁甲、美甲、做完美甲秀一下、夏天、绿色、长甲、夏季,绿色杏仁甲美甲，整体偏夏季风格。,1,0,data/xhs/raw/20260505_013220/notes/669099ba000000000a024478.json
67781072000000000b00c510,古风爆火丝绒美甲来啦！裸调耐看！,คิดถึง,2025-01-04,958,583,64,179,国风美甲、新中式美甲、穿戴甲国风、日常美甲、亲手晒美甲、个人美甲玩家、美甲、在小红书做美甲、丝绒美甲、高级感丝绒美甲爱了爱了、猫眼、丝绒、亮片、通勤、轻奢、新中式,"以“古风爆火丝绒美甲来啦！裸调耐看！”为主题的美甲，带有猫眼, 丝绒, 亮片元素，整体偏通勤, 轻奢, 新中式风格。",3,0,data/xhs/raw/20260505_013220/notes/67781072000000000b00c510.json
66f58d7f000000002a035e77,爱上杏仁甲千千万万遍,小黑,2024-09-27,1417,475,81,43,美甲、杏仁甲、裸色,裸色杏仁甲美甲，正文描述为：回归裸色[自拍R] 回家的路上一直拍拍拍[黄金薯R] 是开心的一天啦！[大笑R] #美甲[话题]。,3,0,data/xhs/raw/20260505_013220/notes/66f58d7f000000002a035e77.json
676679e4000000000b014d74,秋冬奶白简约美甲,Jayz,2024-12-21,882,814,15,99,白色、秋冬,白色美甲，整体偏秋冬风格。,3,0,data/xhs/raw/20260505_013220/notes/676679e4000000000b014d74.json
673427d2000000003c019c7e,温柔至简🤍裸色渐变线条美甲,Blue-轻奢穿戴甲,2024-11-13,834,686,2,136,美甲、穿戴甲、手工穿戴甲、裸色美甲、渐变美甲、晕染美甲、温柔美甲、气质美甲、线条美甲、简约美甲、裸色、渐变、温柔,裸色美甲，带有渐变元素，整体偏温柔风格。,3,0,data/xhs/raw/20260505_013220/notes/673427d2000000003c019c7e.json
6751254b0000000006014699,裸色珍珠猫眼丨温柔百搭美甲💅,Blue-轻奢穿戴甲,2024-12-05,863,691,,112,美甲、穿戴甲、手工穿戴甲、裸色美甲、猫眼美甲、珍珠美甲、温柔美甲、可爱美甲、气质美甲、百搭美甲、裸色、清透、猫眼、法式、珍珠、通勤、温柔,"裸色清透美甲，带有猫眼, 法式, 珍珠元素，整体偏通勤, 温柔风格。",3,0,data/xhs/raw/20260505_013220/notes/6751254b0000000006014699.json
67975fba000000002602f57c,一张图概括女吉他手的美甲人生,想吃香芋派,2025-01-27,1413,257,82,71,吉他手、弹吉他的手、崩溃,以“一张图概括女吉他手的美甲人生”为主题的美甲，正文描述为：#吉他手[话题]# #弹吉他的手[话题]# #崩溃[话题]#。,1,2,data/xhs/raw/20260505_013220/notes/67975fba000000002602f57c.json
66ee7693000000002700364f,细闪线条纯欲渐变美甲~,一只小鱼饼,2024-09-21,899,756,1,65,细闪美甲、超好看的美甲、珍珠粉美甲、简单美甲、亲手晒美甲、粉嫩美甲、美甲亮片、裸粉色美甲、日常美甲、渐变美甲、裸色、粉色、渐变、珍珠、亮片、通勤,"裸色粉色美甲，带有渐变, 珍珠, 亮片元素，整体偏通勤风格。",3,0,data/xhs/raw/20260505_013220/notes/66ee7693000000002700364f.json
65fefa0900000000120213ad,小猫🐱美甲💅🏻,Yuki,2024-03-23,875,538,9,141,猫咪美甲、可爱风美甲、美甲、日常美甲、今日份美甲、分享美甲、可爱小短甲、手绘、短甲、通勤,短甲美甲，带有手绘元素，整体偏通勤风格。,3,0,data/xhs/raw/20260505_013220/notes/65fefa0900000000120213ad.json
66f26334000000001b022257,还是快别做杏仁了吧。。。,💋 BiuBiuBiu,2024-09-24,1111,138,96,107,甲型、养甲、杏仁甲、方甲,杏仁甲美甲，正文描述为：虽然修出来的杏仁真的显着很优雅！我好爱啊杏仁甲真的55 但是养甲的话我还是选择方甲！！ 每次修方。,1,0,data/xhs/raw/20260505_013220/notes/66f26334000000001b022257.json
66b9ba31000000000d0328ec,夏日限定💕彩绘波点星星✨真的猛戳我心～,蜜糖小姐missgooey1,2024-08-12,679,519,8,111,美甲夏天、清透美甲、可爱美甲、波点美甲、ins风美甲、百搭美甲、超好看的美甲、简单美甲、ins美甲、清透、星星、通勤、韩系、夏季,"清透美甲，带有星星元素，整体偏通勤, 韩系, 夏季风格。",3,0,data/xhs/raw/20260505_013220/notes/66b9ba31000000000d0328ec.json
66e39f55000000000c0186ba,气质甜美渐变美甲,一只小鱼饼,2024-09-13,764,585,3,52,手绘美甲、亲手晒美甲、指甲油试色、指甲油、指甲油分享、裸色指甲油、美甲分享、气质美甲、可爱美甲、温柔美甲、超好看的美甲、渐变美甲、裸色、渐变、手绘、温柔,"裸色美甲，带有渐变, 手绘元素，整体偏温柔风格。",3,0,data/xhs/raw/20260505_013220/notes/66e39f55000000000c0186ba.json
67979e88000000001701e99a,No.56 | 🫧✨白开水美甲,AvoKado卡豆美甲工具,2025-01-27,657,479,1,121,一起见证卡豆🥑的蜕变、法式猫眼、明天就变美甲大师、裸色美甲、白月光美甲、干净美甲、冰透美甲、北伦敦美甲、裸色、白色、清透、猫眼、法式,"裸色白色美甲，带有猫眼, 法式元素。",5,10,data/xhs/raw/20260505_013220/notes/67979e88000000001701e99a.json
668921c9000000001e012b4f,渐变冰透亮片美甲,小泥人,2024-07-07,613,689,4,60,手绘美甲、气质美甲、美甲、裸色美甲、ins美甲、美甲分享、日式美甲、气质裸色系美甲、亲手晒美甲、最显白的指甲油、指甲油、指甲油试色、小众指甲油推荐、平价指甲油试色、春夏指甲油种草、拍照姿势不重样、可爱美甲、涂鸦美甲、宿舍美甲、花式晒美甲挑战、一然指甲油、裸色、清透、渐变,裸色清透美甲，带有渐变元素。,3,0,data/xhs/raw/20260505_013220/notes/668921c9000000001e012b4f.json
67723586000000001300834b,指尖银河 老钱色甲模配香芋兔仙尘金闪封层,In7 Nail Torrance,2024-12-30,610,466,2,128,被顾客肯定、美甲客照、甲模延长、香芋兔甲模、老钱美甲、白女美甲、Torrance美甲、palosverdes美甲、洛杉矶美甲、洛杉矶甲模延长、粉色、紫色、亮片,粉色紫色美甲，带有亮片元素。,4,0,data/xhs/raw/20260505_013220/notes/67723586000000001300834b.json
671df65f000000002401a341,美甲的尽头依旧是纯色,aaaxxbbb,2024-10-27,744,494,28,74,纯色美甲、秋冬美甲、美甲、美甲分享、白色、轻奢、秋冬,"白色美甲，整体偏轻奢, 秋冬风格。",3,0,data/xhs/raw/20260505_013220/notes/671df65f000000002401a341.json
67189a21000000002100057f,玫瑰微醺法式美甲💅🏻,Sasa爱分享,2024-10-23,574,635,2,75,超好看的美甲、美甲分享、美甲推荐、美甲、法式美甲、玫瑰色美甲、晶石猫眼美甲、高级美甲、指甲油试色、裸粉色美甲、裸色、粉色、猫眼、法式、花朵、轻奢,"裸色粉色美甲，带有猫眼, 法式, 花朵元素，整体偏轻奢风格。",2,0,data/xhs/raw/20260505_013220/notes/67189a21000000002100057f.json
6651a5cc000000001401b55a,金箔渐变美甲~,米哩米指甲油,2024-05-26,601,502,1,101,指甲油试色、一然指甲油、海底捞美甲、美甲分享、最显白的指甲油、ins风美甲、清新美甲、美甲教程、手绘美甲、白色、清透、渐变、手绘、显白、韩系,"白色清透美甲，带有渐变, 手绘元素，整体偏显白, 韩系风格。",3,0,data/xhs/raw/20260505_013220/notes/6651a5cc000000001401b55a.json
6758fa280000000004028608,薄荷绿渐变猫眼美甲,叉指导,2024-12-11,629,398,18,92,美甲款式分享、美甲还原度挑战、薄荷绿美甲、粉色、清透、猫眼、渐变,"粉色清透美甲，带有猫眼, 渐变元素。",3,0,data/xhs/raw/20260505_013220/notes/6758fa280000000004028608.json
6759ba1e000000000203462c,开店第十三天,在苏格兰农村搓指甲,2024-12-12,941,24,14,106,,以“开店第十三天”为主题的美甲，正文描述为：两个老太太约了下午2点半的，开着小三轮就来了。 两人坐到椅子上都花5分钟。她们手够不到手枕，于是。,2,0,data/xhs/raw/20260505_013220/notes/6759ba1e000000000203462c.json
669547010000000025004632,奶白色波点🤍,叫恒恒干嘛,2024-07-15,621,365,23,65,法式美甲、纯欲美甲、短甲美甲、白色、法式、短甲,白色短甲美甲，带有法式元素。,5,0,data/xhs/raw/20260505_013220/notes/669547010000000025004632.json
67525ebb00000000020296fb,buling法式✨富贵香槟金腮红,毛丫头,2024-12-06,568,455,,42,美甲款式分享、超好看的美甲、百搭美甲、做完美甲秀一下、美甲、ins美甲、法式美甲、圣诞美甲、冬日毛衣美甲、显白美甲、金色、法式、渐变、通勤、显白、韩系,"金色美甲，带有法式, 渐变元素，整体偏通勤, 显白, 韩系风格。",3,0,data/xhs/raw/20260505_013220/notes/67525ebb00000000020296fb.json
66bb27f90000000025033a96,草莓冰茶🍓冰透草莓红晕染美甲细闪好温柔,玉米汤小美,2024-08-13,501,428,3,68,最显白的指甲油、粉嫩美甲、约会美甲、美甲款式夏天显白、亲手晒美甲、氛围感美甲、超好看的美甲、简单美甲、百搭美甲、日常美甲、粉色、清透、渐变、亮片、通勤、温柔、显白、夏季,"粉色清透美甲，带有渐变, 亮片元素，整体偏通勤, 温柔, 显白, 夏季风格。",2,0,data/xhs/raw/20260505_013220/notes/66bb27f90000000025033a96.json
679c618c000000001701e37a,裸甲女明星,cashmore,2025-01-31,994,71,62,17,气质女明星、有辨识度的美、大女主气场、王菲、莫文蔚、李斯丹妮、裸色、温柔、轻奢,"裸色美甲，整体偏温柔, 轻奢风格。",5,10,data/xhs/raw/20260505_013220/notes/679c618c000000001701e37a.json
6779215c0000000009017300,谁说男生不能纯欲 玻璃珠渐变 男生💅,PulaNail,2025-01-04,324,263,7,172,记录吧就现在、杭州美甲、追光猫眼、上城区美甲、短甲也可以很高级、美甲、如宝石般的玻璃珠、pulanail、会发光的美甲、法式渐变猫眼、清透、猫眼、法式、渐变、短甲、轻奢,"清透短甲美甲，带有猫眼, 法式, 渐变元素，整体偏轻奢风格。",7,0,data/xhs/raw/20260505_013220/notes/6779215c0000000009017300.json
66ad0bff000000002701dc85,大学四年千万不要频繁做美甲,日月,2024-08-03,990,73,66,13,美甲、美甲纯色、杏仁甲、长款美甲、美甲短款、短甲、长甲,杏仁甲美甲，正文描述为：不然你会得到一个很好的甲床。（只有三次贴了甲片，其他都是本甲）#美甲[话题]# #美甲纯色[话题。,18,0,data/xhs/raw/20260505_013220/notes/66ad0bff000000002701dc85.json
6732f55b000000001b029acf,流光玻璃珠🫧冰透极光裸 透透亮亮的米鼠了,吃一口奶昔🍨,2024-11-12,406,368,3,90,细闪美甲、ins美甲、手上有璀璨星河、美甲分享、超好看的美甲、极光粉美甲、美甲、清透、亮片、韩系,清透美甲，带有亮片元素，整体偏韩系风格。,4,0,data/xhs/raw/20260505_013220/notes/6732f55b000000001b029acf.json
67902cb3000000001800dbb9,钟嘉欣美甲,U2 nails eyelashes,2025-01-22,686,113,263,79,粉色、猫眼、新年,粉色美甲，带有猫眼元素，整体偏新年风格。,1,1,data/xhs/raw/20260505_013220/notes/67902cb3000000001800dbb9.json
666f15890000000006007af1,超嫩纯欲水蜜桃色..🍑,mIng Ya,2024-06-17,504,307,2,71,脚美甲、脚趾甲美甲、脚部美甲、裸色美甲、合肥美甲、温柔美甲、仙女美甲、仙气美甲、纯欲美甲、超嫩少女心美甲、裸色、温柔,裸色美甲，整体偏温柔风格。,3,0,data/xhs/raw/20260505_013220/notes/666f15890000000006007af1.json
66ab2db00000000027010914,简约波点跳色 真的很耐看！,米小米,2024-08-03,543,330,,34,超好看的美甲、ins美甲、温柔美甲、最显白的指甲油、我的美妆分享、纯欲美甲、一然指甲油、白色、温柔、显白、韩系,"白色美甲，整体偏温柔, 显白, 韩系风格。",2,0,data/xhs/raw/20260505_013220/notes/66ab2db00000000027010914.json
6760e2e3000000000b02349f,水光感显嫩腮红法式美甲,milimi米哩米,2024-12-17,430,426,12,27,超好看的美甲、美甲、美甲分享、水光感、气质美甲、温柔美甲、冰透美甲、裸色美甲、腮红美甲、法式美甲、裸色、清透、法式、渐变、温柔,"裸色清透美甲，带有法式, 渐变元素，整体偏温柔风格。",3,0,data/xhs/raw/20260505_013220/notes/6760e2e3000000000b02349f.json
6682aa2f000000000a00427f,婚纱照美甲成功下车,小丸子备婚日记,2024-07-01,302,426,1,58,仙女美甲、婚纱照美甲、通勤、温柔,"以“婚纱照美甲成功下车”为主题的美甲，整体偏通勤, 温柔风格。",2,0,data/xhs/raw/20260505_013220/notes/6682aa2f000000000a00427f.json
66b30a67000000001e01fbd6,可爱短甲极光渐变✨,小泥人,2024-08-07,396,361,2,45,手绘美甲、气质美甲、美甲、裸色美甲、ins美甲、美甲分享、日式美甲、气质裸色系美甲、亲手晒美甲、最显白的指甲油、指甲油、指甲油试色、小众指甲油推荐、平价指甲油试色、春夏指甲油种草、拍照姿势不重样、可爱美甲、涂鸦美甲、宿舍美甲、花式晒美甲挑战、一然指甲油、裸色、渐变、手绘,"裸色美甲，带有渐变, 手绘元素。",3,0,data/xhs/raw/20260505_013220/notes/66b30a67000000001e01fbd6.json
65254e810000000022028762,做了个满意的美甲，我朋友却说……,阿丹,2023-10-10,659,53,431,57,美甲、美甲分享、夏天美甲、夏季,以“做了个满意的美甲，我朋友却说……”为主题的美甲，整体偏夏季风格。,3,0,data/xhs/raw/20260505_013220/notes/65254e810000000022028762.json
672a087f0000000019018a13,渐变真的好美啊555🌸,西言,2024-11-05,333,368,2,52,渐变美甲、氛围感美甲、超好看的美甲、亲手晒美甲、简约款美甲、做完美甲秀一下、纯欲美甲、渐变,以“渐变真的好美啊555🌸”为主题的美甲，带有渐变元素。,6,0,data/xhs/raw/20260505_013220/notes/672a087f0000000019018a13.json
6762c482000000001300cb0b,我宣布 是还原度最高的美甲💅,電冰箱,2024-12-18,231,244,3,126,极光美甲、偏光美甲、人鱼姬美甲、猫眼美甲、镜面猫眼美甲、银色、猫眼、镜面,"银色美甲，带有猫眼, 镜面元素。",3,0,data/xhs/raw/20260505_013220/notes/6762c482000000001300cb0b.json
668fb6bb000000000a027338,我也有玻璃珠美甲啦💅,Rachel,2024-07-11,445,302,30,34,夏日美甲、日常美甲、简单美甲、分享美甲、美甲、猫眼美甲、短甲美甲、自甲、清透、猫眼、短甲、通勤、夏季,"清透短甲美甲，带有猫眼元素，整体偏通勤, 夏季风格。",3,0,data/xhs/raw/20260505_013220/notes/668fb6bb000000000a027338.json
6786179c000000000b03ab6f,就我觉得蓝色美甲不好找吗,翻倒的土豆泥,2025-01-14,411,185,110,78,蓝色、猫眼、短甲,蓝色短甲美甲，带有猫眼元素。,1,1,data/xhs/raw/20260505_013220/notes/6786179c000000000b03ab6f.json
6796599500000000290176d4,花了100做个指甲，感觉吃了只苍蝇🪰恶心🤢,爱喝柠檬🍋水💦,2025-01-26,200,44,175,189,美甲避雷、美甲翻车、法式、新年,以“花了100做个指甲，感觉吃了只苍蝇🪰恶心🤢”为主题的美甲，带有法式元素，整体偏新年风格。,2,4,data/xhs/raw/20260505_013220/notes/6796599500000000290176d4.json
66d5b4f9000000001f01c243,宽光猫眼的威力你懂不懂阿？,Lxy（停更养指甲中）,2024-09-02,371,111,37,95,美甲、脚美甲、男生美甲也很酷、美甲分享、高级美甲、猫眼美甲、美甲能矫正甲沟炎吗、清透、猫眼、轻奢,清透美甲，带有猫眼元素，整体偏轻奢风格。,6,0,data/xhs/raw/20260505_013220/notes/66d5b4f9000000001f01c243.json
67a41d580000000028029db2,百搭显气质奶白色涂鸦款,蓝格格,2025-02-06,341,277,,39,约会美甲、温柔美甲、超好看的美甲、美甲、清透美甲、少女心美甲、美甲夏天、气质美甲、粉嫩美甲、甜美美甲、粉色、白色、清透、手绘、通勤、温柔、夏季,"粉色白色美甲，带有手绘元素，整体偏通勤, 温柔, 夏季风格。",3,6,data/xhs/raw/20260505_013220/notes/67a41d580000000028029db2.json
675af354000000000402a32a,在徐州！！做了个生日美甲💅左滑被萌鼠😚,豆包包,2024-12-12,324,200,3,62,美甲、手绘美甲、小猫美甲、徐州美甲、手绘,以“在徐州！！做了个生日美甲💅左滑被萌鼠😚”为主题的美甲，带有手绘元素。,5,0,data/xhs/raw/20260505_013220/notes/675af354000000000402a32a.json
6697d5f60000000005006eb8,把小猫小狗画在指甲上💅🏻,梦游乖小喵,2024-07-17,338,197,1,56,童趣美甲、猫咪美甲、线条小狗美甲手绘、手绘,以“把小猫小狗画在指甲上💅🏻”为主题的美甲，带有手绘元素。,2,0,data/xhs/raw/20260505_013220/notes/6697d5f60000000005006eb8.json
6785d5260000000001002272,丝绒美甲，中看不中用啊~,fairygigi,2025-01-14,347,24,21,104,丝绒,以“丝绒美甲，中看不中用啊~”为主题的美甲，带有丝绒元素。,3,3,data/xhs/raw/20260505_013220/notes/6785d5260000000001002272.json
66815cdd000000001e0106bd,碎钻裸色💅,Ying,2024-06-30,294,206,4,55,碎钻美甲、碎钻胶、闪、闪闪美甲、耐看小短甲、裸色、水钻、亮片、短甲,"裸色短甲美甲，带有水钻, 亮片元素。",3,0,data/xhs/raw/20260505_013220/notes/66815cdd000000001e0106bd.json
6693d49f0000000025002e95,复刻了shamon的小狗美甲（小猫版！,huololqjs,2024-07-14,302,181,5,47,猫咪美甲、猫眼、手绘,"以“复刻了shamon的小狗美甲（小猫版！”为主题的美甲，带有猫眼, 手绘元素。",4,0,data/xhs/raw/20260505_013220/notes/6693d49f0000000025002e95.json
670349f2000000001a02291c,男生美甲 超自然 粉嫩,Nastasia,2024-10-07,267,129,37,72,男生美甲、短指甲、短甲美甲、裸色、粉色、短甲、通勤,裸色粉色短甲美甲，整体偏通勤风格。,3,0,data/xhs/raw/20260505_013220/notes/670349f2000000001a02291c.json
673c547700000000020194bc,纯净冰川,凯拉凯拉,2024-11-19,288,177,7,45,猫眼美甲、晶石猫眼美甲、蓝色猫眼美甲、蓝色美甲、爆闪猫眼美甲、小灯泡晶石猫眼、冰蓝色美甲、蓝色冰透美甲、冰川蓝、冰川蓝美甲、蓝色、清透、猫眼、亮片,"蓝色清透美甲，带有猫眼, 亮片元素。",5,0,data/xhs/raw/20260505_013220/notes/673c547700000000020194bc.json
676e7f62000000000902ec87,🎀｜仙粉法式,小李在这,2024-12-27,326,188,1,27,法式美甲、简约美甲、氛围感美甲、美甲、法式、丝绒,"以“🎀｜仙粉法式”为主题的美甲，带有法式, 丝绒元素。",6,0,data/xhs/raw/20260505_013220/notes/676e7f62000000000902ec87.json
66869e8e000000001f005e37,清爽鼠了🌱薄荷曼波美甲,温玉.,2024-07-04,396,115,4,25,薄荷曼波美甲、夏日美甲、泰兰德美甲、超好看的美甲、夏季,以“清爽鼠了🌱薄荷曼波美甲”为主题的美甲，整体偏夏季风格。,8,0,data/xhs/raw/20260505_013220/notes/66869e8e000000001f005e37.json
66ee555b00000000270061ac,！！！法式美甲！！！大收集！！,25%脆脆小熊,2024-09-21,343,141,126,26,美甲、法式美甲、美甲款式、美甲推荐、法式,以“！！！法式美甲！！！大收集！！”为主题的美甲，带有法式元素。,1,0,data/xhs/raw/20260505_013220/notes/66ee555b00000000270061ac.json
67876542000000001901950a,这个美甲师有点东西,清 茶,2025-01-15,248,216,1,23,珍珠美甲、美甲、新年美甲、爱心、珍珠、新年,以“这个美甲师有点东西”为主题的美甲，带有珍珠元素，整体偏新年风格。,3,6,data/xhs/raw/20260505_013220/notes/67876542000000001901950a.json
67068d7e000000001a0223d7,老钱风金属感美甲/拜托！真的美爆咯！！！,小紧张的牛牛,2024-10-09,187,192,,50,美甲、美甲分享、高级美甲、氛围感美甲、魔镜粉美甲、法式美甲、渐变美甲、老钱风、金色、银色、法式、渐变、镜面、轻奢,"金色银色美甲，带有法式, 渐变, 镜面元素，整体偏轻奢风格。",3,0,data/xhs/raw/20260505_013220/notes/67068d7e000000001a0223d7.json
66c2c93c000000001f03e15f,冰透渐变美甲💅,陈陈：,2024-08-19,318,162,3,15,美甲、仙女必备、美出高级感、秀出我的超绝美甲、显白美甲、清透、渐变、温柔、显白、轻奢,"清透美甲，带有渐变元素，整体偏温柔, 显白, 轻奢风格。",7,0,data/xhs/raw/20260505_013220/notes/66c2c93c000000001f03e15f.json
67756314000000000900d78b,,PP公主👑,2025-01-01,413,48,10,19,裸色,裸色美甲，正文描述为：pp好像最喜欢做这一款的美甲💅，裸色系yyds。,1,0,data/xhs/raw/20260505_013220/notes/67756314000000000900d78b.json
677a343e000000000900fb1b,可爱小短甲美甲🌈,默妍j0g,2025-01-05,250,144,3,32,可爱美甲、猫猫美甲、手绘、短甲,短甲美甲，带有手绘元素。,2,0,data/xhs/raw/20260505_013220/notes/677a343e000000000900fb1b.json
672c62f6000000001d03a7be,透明美甲才素最萌的,iuiai,2024-11-07,344,97,5,11,美甲、美甲分享、我的日常、清透、通勤,清透美甲，整体偏通勤风格。,2,0,data/xhs/raw/20260505_013220/notes/672c62f6000000001d03a7be.json
6669063e000000001d016da9,get 法式夏季多巴胺美甲,wonderful贝贝,2024-06-12,191,154,,40,法式美甲、日常美甲、夏日多巴胺美甲来了、法式、渐变、通勤、夏季,"以“get 法式夏季多巴胺美甲”为主题的美甲，带有法式, 渐变元素，整体偏通勤, 夏季风格。",6,0,data/xhs/raw/20260505_013220/notes/6669063e000000001d016da9.json
6787883f0000000016030a5c,碎钻胶确实好看耶✌🏾,猫猫无语子,2025-01-15,218,138,9,32,水钻,以“碎钻胶确实好看耶✌🏾”为主题的美甲，带有水钻元素。,11,11,data/xhs/raw/20260505_013220/notes/6787883f0000000016030a5c.json
66471f280000000016012f97,上海来的丑手,国一萝（TTong nail）,2024-05-17,404,14,23,11,本甲、指甲、沉浸式美甲、一个人的美甲店、超好看的美甲、美甲视频、简约款美甲、马鞍山美甲、气质美甲、南京美甲、水彩玫瑰美甲、粉色、花朵、温柔,粉色美甲，带有花朵元素，整体偏温柔风格。,13,0,data/xhs/raw/20260505_013220/notes/66471f280000000016012f97.json
6749eb2200000000070282aa,陪男朋友去做美甲,不加糖也酷酷甜（读博版）,2024-11-30,188,19,56,78,美甲、男生美甲、博士情侣、异地恋、甜甜的恋爱、恋爱日常、嫉妒男朋友、红色、猫眼、通勤,红色美甲，带有猫眼元素，整体偏通勤风格。,6,0,data/xhs/raw/20260505_013220/notes/6749eb2200000000070282aa.json
